designation,A,B,t,n,d,dh,p,e,capacity,failure,Nr
ISA  200200,200.0,200.0,12.0,2,12.0,13.0,40.0,25.0,546.0,Failure governed by Block Shear,2
ISA  200200,200.0,200.0,15.0,2,12.0,13.0,40.0,25.0,683.0,Failure governed by Block Shear,2
ISA  200200,200.0,200.0,18.0,2,12.0,13.0,40.0,25.0,820.0,Failure governed by Block Shear,2
ISA  200200,200.0,200.0,25.0,2,12.0,13.0,40.0,25.0,1138.0,Failure governed by Block Shear,2
ISA  200200,200.0,200.0,12.0,2,12.0,13.0,40.0,25.0,437.0,Failure governed by Block Shear,1
ISA  200200,200.0,200.0,15.0,2,12.0,13.0,40.0,25.0,547.0,Failure governed by Block Shear,1
ISA  200200,200.0,200.0,18.0,2,12.0,13.0,40.0,25.0,656.0,Failure governed by Block Shear,1
ISA  200200,200.0,200.0,25.0,2,12.0,13.0,40.0,25.0,911.0,Failure governed by Block Shear,1
ISA 150150,150.0,150.0,10.0,2,12.0,13.0,0.0,0.0,293.0,Failure governed by Block Shear,2
ISA 150150,150.0,150.0,12.0,2,12.0,13.0,0.0,0.0,352.0,Failure governed by Block Shear,2
ISA 150150,150.0,150.0,15.0,2,12.0,13.0,0.0,0.0,440.0,Failure governed by Block Shear,2
ISA 150150,150.0,150.0,18.0,2,12.0,13.0,0.0,0.0,528.0,Failure governed by Block Shear,2
ISA 150150,150.0,150.0,10.0,2,12.0,13.0,40.0,25.0,214.0,Failure governed by Block Shear,1
ISA 150150,150.0,150.0,12.0,2,12.0,13.0,40.0,25.0,257.0,Failure governed by Block Shear,1
ISA 150150,150.0,150.0,12.0,3,12.0,13.0,40.0,25.0,312.0,Failure governed by Block Shear,1
ISA 150150,150.0,150.0,12.0,4,12.0,13.0,40.0,25.0,367.0,Failure governed by Block Shear,1
ISA 150150,150.0,150.0,12.0,5,12.0,13.0,40.0,25.0,422.0,Failure governed by Block Shear,1
ISA 150150,150.0,150.0,12.0,6,12.0,13.0,40.0,25.0,478.0,Failure governed by Block Shear,1
ISA 150150,150.0,150.0,12.0,7,12.0,13.0,40.0,25.0,533.0,Failure governed by Block Shear,1
ISA 150150,150.0,150.0,12.0,8,12.0,13.0,40.0,25.0,588.0,Failure governed by Block Shear,1
ISA 150150,150.0,150.0,12.0,2,14.0,15.0,50.0,30.0,281.0,Failure governed by Block Shear,1
ISA 150150,150.0,150.0,12.0,3,14.0,15.0,50.0,30.0,353.0,Failure governed by Block Shear,1
ISA 150150,150.0,150.0,12.0,4,14.0,15.0,50.0,30.0,424.0,Failure governed by Block Shear,1
ISA 150150,150.0,150.0,12.0,5,14.0,15.0,50.0,30.0,496.0,Failure governed by Block Shear,1
ISA 150150,150.0,150.0,12.0,6,14.0,15.0,50.0,30.0,568.0,Failure governed by Block Shear,1
ISA 150150,150.0,150.0,12.0,7,14.0,15.0,50.0,30.0,639.0,Failure governed by Block Shear,1
ISA 150150,150.0,150.0,12.0,8,14.0,15.0,50.0,30.0,711.0,Failure governed by Block Shear,1
ISA 150150,150.0,150.0,12.0,2,16.0,18.0,55.0,35.0,292.0,Failure governed by Block Shear,1
ISA 150150,150.0,150.0,12.0,3,16.0,18.0,55.0,35.0,368.0,Failure governed by Block Shear,1
ISA 150150,150.0,150.0,12.0,4,16.0,18.0,55.0,35.0,444.0,Failure governed by Block Shear,1
ISA 150150,150.0,150.0,12.0,5,16.0,18.0,55.0,35.0,520.0,Failure governed by Block Shear,1
ISA 150150,150.0,150.0,12.0,6,16.0,18.0,55.0,35.0,595.0,Failure governed by Block Shear,1
ISA 150150,150.0,150.0,12.0,7,16.0,18.0,55.0,35.0,671.0,Failure governed by Block Shear,1
ISA 150150,150.0,150.0,12.0,8,16.0,18.0,55.0,35.0,747.0,Failure governed by Block Shear,1
ISA 150150,150.0,150.0,12.0,2,18.0,20.0,60.0,35.0,297.0,Failure governed by Block Shear,1
ISA 150150,150.0,150.0,12.0,3,18.0,20.0,60.0,35.0,378.0,Failure governed by Block Shear,1
ISA 150150,150.0,150.0,12.0,4,18.0,20.0,60.0,35.0,460.0,Failure governed by Block Shear,1
ISA 150150,150.0,150.0,12.0,5,18.0,20.0,60.0,35.0,542.0,Failure governed by Block Shear,1
ISA 150150,150.0,150.0,12.0,6,18.0,20.0,60.0,35.0,624.0,Failure governed by Block Shear,1
ISA 150150,150.0,150.0,12.0,7,18.0,20.0,60.0,35.0,706.0,Failure governed by Block Shear,1
ISA 150150,150.0,150.0,12.0,8,18.0,20.0,60.0,35.0,786.0,Failure governed by Yielding of Gross Section,1
ISA 150150,150.0,150.0,12.0,2,20.0,22.0,65.0,40.0,311.0,Failure governed by Block Shear,1
ISA 150150,150.0,150.0,12.0,3,20.0,22.0,65.0,40.0,399.0,Failure governed by Block Shear,1
ISA 150150,150.0,150.0,12.0,4,20.0,22.0,65.0,40.0,487.0,Failure governed by Block Shear,1
ISA 150150,150.0,150.0,12.0,5,20.0,22.0,65.0,40.0,575.0,Failure governed by Block Shear,1
ISA 150150,150.0,150.0,12.0,6,20.0,22.0,65.0,40.0,663.0,Failure governed by Block Shear,1
ISA 150150,150.0,150.0,12.0,7,20.0,22.0,65.0,40.0,751.0,Failure governed by Block Shear,1
ISA 150150,150.0,150.0,12.0,8,20.0,22.0,65.0,40.0,786.0,Failure governed by Yielding of Gross Section,1
ISA 150150,150.0,150.0,12.0,2,22.0,24.0,75.0,45.0,335.0,Failure governed by Block Shear,1
ISA 150150,150.0,150.0,12.0,3,22.0,24.0,75.0,45.0,440.0,Failure governed by Block Shear,1
ISA 150150,150.0,150.0,12.0,4,22.0,24.0,75.0,45.0,544.0,Failure governed by Block Shear,1
ISA 150150,150.0,150.0,12.0,5,22.0,24.0,75.0,45.0,648.0,Failure governed by Block Shear,1
ISA 150150,150.0,150.0,12.0,6,22.0,24.0,75.0,45.0,753.0,Failure governed by Block Shear,1
ISA 150150,150.0,150.0,12.0,7,22.0,24.0,75.0,45.0,786.0,Failure governed by Yielding of Gross Section,1
ISA 150150,150.0,150.0,12.0,8,22.0,24.0,75.0,45.0,786.0,Failure governed by Yielding of Gross Section,1
ISA 150150,150.0,150.0,12.0,2,24.0,26.0,80.0,45.0,340.0,Failure governed by Block Shear,1
ISA 150150,150.0,150.0,12.0,3,24.0,26.0,80.0,45.0,450.0,Failure governed by Block Shear,1
ISA 150150,150.0,150.0,12.0,4,24.0,26.0,80.0,45.0,560.0,Failure governed by Block Shear,1
ISA 150150,150.0,150.0,12.0,5,24.0,26.0,80.0,45.0,671.0,Failure governed by Block Shear,1
ISA 150150,150.0,150.0,12.0,6,24.0,26.0,80.0,45.0,781.0,Failure governed by Block Shear,1
ISA 150150,150.0,150.0,12.0,7,24.0,26.0,80.0,45.0,786.0,Failure governed by Yielding of Gross Section,1
ISA 150150,150.0,150.0,12.0,8,24.0,26.0,80.0,45.0,786.0,Failure governed by Yielding of Gross Section,1
ISA 150150,150.0,150.0,12.0,2,27.0,30.0,90.0,55.0,368.0,Failure governed by Block Shear,1
ISA 150150,150.0,150.0,12.0,3,27.0,30.0,90.0,55.0,491.0,Failure governed by Block Shear,1
ISA 150150,150.0,150.0,12.0,4,27.0,30.0,90.0,55.0,614.0,Failure governed by Block Shear,1
ISA 150150,150.0,150.0,12.0,5,27.0,30.0,90.0,55.0,736.0,Failure governed by Block Shear,1
ISA 150150,150.0,150.0,12.0,6,27.0,30.0,90.0,55.0,786.0,Failure governed by Yielding of Gross Section,1
ISA 150150,150.0,150.0,12.0,7,27.0,30.0,90.0,55.0,786.0,Failure governed by Yielding of Gross Section,1
ISA 150150,150.0,150.0,12.0,8,27.0,30.0,90.0,55.0,786.0,Failure governed by Yielding of Gross Section,1
ISA 150150,150.0,150.0,12.0,2,30.0,33.0,100.0,60.0,390.0,Failure governed by Block Shear,1
ISA 150150,150.0,150.0,12.0,3,30.0,33.0,100.0,60.0,527.0,Failure governed by Block Shear,1
ISA 150150,150.0,150.0,12.0,4,30.0,33.0,100.0,60.0,664.0,Failure governed by Block Shear,1
ISA 150150,150.0,150.0,12.0,5,30.0,33.0,100.0,60.0,786.0,Failure governed by Yielding of Gross Section,1
ISA 150150,150.0,150.0,12.0,6,30.0,33.0,100.0,60.0,786.0,Failure governed by Yielding of Gross Section,1
ISA 150150,150.0,150.0,12.0,7,30.0,33.0,100.0,60.0,786.0,Failure governed by Yielding of Gross Section,1
ISA 150150,150.0,150.0,12.0,8,30.0,33.0,100.0,60.0,786.0,Failure governed by Yielding of Gross Section,1
ISA 150150,150.0,150.0,12.0,2,32.0,35.0,105.0,60.0,394.0,Failure governed by Block Shear,1
ISA 150150,150.0,150.0,12.0,3,32.0,35.0,105.0,60.0,537.0,Failure governed by Block Shear,1
ISA 150150,150.0,150.0,12.0,4,32.0,35.0,105.0,60.0,680.0,Failure governed by Block Shear,1
ISA 150150,150.0,150.0,12.0,5,32.0,35.0,105.0,60.0,779.0,Failure governed by Rupture of critical section,1
ISA 150150,150.0,150.0,12.0,6,32.0,35.0,105.0,60.0,779.0,Failure governed by Rupture of critical section,1
ISA 150150,150.0,150.0,12.0,7,32.0,35.0,105.0,60.0,779.0,Failure governed by Rupture of critical section,1
ISA 150150,150.0,150.0,12.0,8,32.0,35.0,105.0,60.0,779.0,Failure governed by Rupture of critical section,1
ISA 150150,150.0,150.0,15.0,2,12.0,13.0,40.0,25.0,321.0,Failure governed by Block Shear,1
ISA 150150,150.0,150.0,15.0,3,12.0,13.0,40.0,25.0,390.0,Failure governed by Block Shear,1
ISA 150150,150.0,150.0,15.0,4,12.0,13.0,40.0,25.0,459.0,Failure governed by Block Shear,1
ISA 150150,150.0,150.0,15.0,5,12.0,13.0,40.0,25.0,528.0,Failure governed by Block Shear,1
ISA 150150,150.0,150.0,15.0,6,12.0,13.0,40.0,25.0,597.0,Failure governed by Block Shear,1
ISA 150150,150.0,150.0,15.0,7,12.0,13.0,40.0,25.0,666.0,Failure governed by Block Shear,1
ISA 150150,150.0,150.0,15.0,8,12.0,13.0,40.0,25.0,735.0,Failure governed by Block Shear,1
ISA 150150,150.0,150.0,15.0,2,14.0,15.0,50.0,30.0,352.0,Failure governed by Block Shear,1
ISA 150150,150.0,150.0,15.0,3,14.0,15.0,50.0,30.0,441.0,Failure governed by Block Shear,1
ISA 150150,150.0,150.0,15.0,4,14.0,15.0,50.0,30.0,531.0,Failure governed by Block Shear,1
ISA 150150,150.0,150.0,15.0,5,14.0,15.0,50.0,30.0,620.0,Failure governed by Block Shear,1
ISA 150150,150.0,150.0,15.0,6,14.0,15.0,50.0,30.0,709.0,Failure governed by Block Shear,1
ISA 150150,150.0,150.0,15.0,7,14.0,15.0,50.0,30.0,799.0,Failure governed by Block Shear,1
ISA 150150,150.0,150.0,15.0,8,14.0,15.0,50.0,30.0,888.0,Failure governed by Block Shear,1
ISA 150150,150.0,150.0,15.0,2,16.0,18.0,55.0,35.0,366.0,Failure governed by Block Shear,1
ISA 150150,150.0,150.0,15.0,3,16.0,18.0,55.0,35.0,460.0,Failure governed by Block Shear,1
ISA 150150,150.0,150.0,15.0,4,16.0,18.0,55.0,35.0,555.0,Failure governed by Block Shear,1
ISA 150150,150.0,150.0,15.0,5,16.0,18.0,55.0,35.0,649.0,Failure governed by Block Shear,1
ISA 150150,150.0,150.0,15.0,6,16.0,18.0,55.0,35.0,744.0,Failure governed by Block Shear,1
ISA 150150,150.0,150.0,15.0,7,16.0,18.0,55.0,35.0,839.0,Failure governed by Block Shear,1
ISA 150150,150.0,150.0,15.0,8,16.0,18.0,55.0,35.0,933.0,Failure governed by Block Shear,1
ISA 150150,150.0,150.0,15.0,2,18.0,20.0,60.0,35.0,371.0,Failure governed by Block Shear,1
ISA 150150,150.0,150.0,15.0,3,18.0,20.0,60.0,35.0,473.0,Failure governed by Block Shear,1
ISA 150150,150.0,150.0,15.0,4,18.0,20.0,60.0,35.0,575.0,Failure governed by Block Shear,1
ISA 150150,150.0,150.0,15.0,5,18.0,20.0,60.0,35.0,678.0,Failure governed by Block Shear,1
ISA 150150,150.0,150.0,15.0,6,18.0,20.0,60.0,35.0,780.0,Failure governed by Block Shear,1
ISA 150150,150.0,150.0,15.0,7,18.0,20.0,60.0,35.0,882.0,Failure governed by Block Shear,1
ISA 150150,150.0,150.0,15.0,8,18.0,20.0,60.0,35.0,972.0,Failure governed by Yielding of Gross Section,1
ISA 150150,150.0,150.0,15.0,2,20.0,22.0,65.0,40.0,389.0,Failure governed by Block Shear,1
ISA 150150,150.0,150.0,15.0,3,20.0,22.0,65.0,40.0,499.0,Failure governed by Block Shear,1
ISA 150150,150.0,150.0,15.0,4,20.0,22.0,65.0,40.0,608.0,Failure governed by Block Shear,1
ISA 150150,150.0,150.0,15.0,5,20.0,22.0,65.0,40.0,718.0,Failure governed by Block Shear,1
ISA 150150,150.0,150.0,15.0,6,20.0,22.0,65.0,40.0,828.0,Failure governed by Block Shear,1
ISA 150150,150.0,150.0,15.0,7,20.0,22.0,65.0,40.0,938.0,Failure governed by Block Shear,1
ISA 150150,150.0,150.0,15.0,8,20.0,22.0,65.0,40.0,972.0,Failure governed by Yielding of Gross Section,1
ISA 150150,150.0,150.0,15.0,2,22.0,24.0,75.0,45.0,419.0,Failure governed by Block Shear,1
ISA 150150,150.0,150.0,15.0,3,22.0,24.0,75.0,45.0,550.0,Failure governed by Block Shear,1
ISA 150150,150.0,150.0,15.0,4,22.0,24.0,75.0,45.0,680.0,Failure governed by Block Shear,1
ISA 150150,150.0,150.0,15.0,5,22.0,24.0,75.0,45.0,810.0,Failure governed by Block Shear,1
ISA 150150,150.0,150.0,15.0,6,22.0,24.0,75.0,45.0,941.0,Failure governed by Block Shear,1
ISA 150150,150.0,150.0,15.0,7,22.0,24.0,75.0,45.0,972.0,Failure governed by Yielding of Gross Section,1
ISA 150150,150.0,150.0,15.0,8,22.0,24.0,75.0,45.0,972.0,Failure governed by Yielding of Gross Section,1
ISA 150150,150.0,150.0,15.0,2,24.0,26.0,80.0,45.0,424.0,Failure governed by Block Shear,1
ISA 150150,150.0,150.0,15.0,3,24.0,26.0,80.0,45.0,562.0,Failure governed by Block Shear,1
ISA 150150,150.0,150.0,15.0,4,24.0,26.0,80.0,45.0,701.0,Failure governed by Block Shear,1
ISA 150150,150.0,150.0,15.0,5,24.0,26.0,80.0,45.0,839.0,Failure governed by Block Shear,1
ISA 150150,150.0,150.0,15.0,6,24.0,26.0,80.0,45.0,972.0,Failure governed by Yielding of Gross Section,1
ISA 150150,150.0,150.0,15.0,7,24.0,26.0,80.0,45.0,972.0,Failure governed by Yielding of Gross Section,1
ISA 150150,150.0,150.0,15.0,8,24.0,26.0,80.0,45.0,972.0,Failure governed by Yielding of Gross Section,1
ISA 150150,150.0,150.0,15.0,2,27.0,30.0,90.0,55.0,460.0,Failure governed by Block Shear,1
ISA 150150,150.0,150.0,15.0,3,27.0,30.0,90.0,55.0,614.0,Failure governed by Block Shear,1
ISA 150150,150.0,150.0,15.0,4,27.0,30.0,90.0,55.0,767.0,Failure governed by Block Shear,1
ISA 150150,150.0,150.0,15.0,5,27.0,30.0,90.0,55.0,920.0,Failure governed by Block Shear,1
ISA 150150,150.0,150.0,15.0,6,27.0,30.0,90.0,55.0,972.0,Failure governed by Yielding of Gross Section,1
ISA 150150,150.0,150.0,15.0,7,27.0,30.0,90.0,55.0,972.0,Failure governed by Yielding of Gross Section,1
ISA 150150,150.0,150.0,15.0,8,27.0,30.0,90.0,55.0,972.0,Failure governed by Yielding of Gross Section,1
ISA 150150,150.0,150.0,15.0,2,30.0,33.0,100.0,60.0,487.0,Failure governed by Block Shear,1
ISA 150150,150.0,150.0,15.0,3,30.0,33.0,100.0,60.0,658.0,Failure governed by Block Shear,1
ISA 150150,150.0,150.0,15.0,4,30.0,33.0,100.0,60.0,830.0,Failure governed by Block Shear,1
ISA 150150,150.0,150.0,15.0,5,30.0,33.0,100.0,60.0,971.0,Failure governed by Rupture of critical section,1
ISA 150150,150.0,150.0,15.0,6,30.0,33.0,100.0,60.0,971.0,Failure governed by Rupture of critical section,1
ISA 150150,150.0,150.0,15.0,7,30.0,33.0,100.0,60.0,971.0,Failure governed by Rupture of critical section,1
ISA 150150,150.0,150.0,15.0,8,30.0,33.0,100.0,60.0,971.0,Failure governed by Rupture of critical section,1
ISA 150150,150.0,150.0,15.0,2,32.0,35.0,105.0,60.0,492.0,Failure governed by Block Shear,1
ISA 150150,150.0,150.0,15.0,3,32.0,35.0,105.0,60.0,671.0,Failure governed by Block Shear,1
ISA 150150,150.0,150.0,15.0,4,32.0,35.0,105.0,60.0,850.0,Failure governed by Block Shear,1
ISA 150150,150.0,150.0,15.0,5,32.0,35.0,105.0,60.0,962.0,Failure governed by Rupture of critical section,1
ISA 150150,150.0,150.0,15.0,6,32.0,35.0,105.0,60.0,962.0,Failure governed by Rupture of critical section,1
ISA 150150,150.0,150.0,15.0,7,32.0,35.0,105.0,60.0,962.0,Failure governed by Rupture of critical section,1
ISA 150150,150.0,150.0,15.0,8,32.0,35.0,105.0,60.0,962.0,Failure governed by Rupture of critical section,1
ISA 150150,150.0,150.0,18.0,2,12.0,13.0,40.0,25.0,385.0,Failure governed by Block Shear,1
ISA 150150,150.0,150.0,18.0,3,12.0,13.0,40.0,25.0,468.0,Failure governed by Block Shear,1
ISA 150150,150.0,150.0,18.0,4,12.0,13.0,40.0,25.0,551.0,Failure governed by Block Shear,1
ISA 150150,150.0,150.0,18.0,5,12.0,13.0,40.0,25.0,634.0,Failure governed by Block Shear,1
ISA 150150,150.0,150.0,18.0,6,12.0,13.0,40.0,25.0,716.0,Failure governed by Block Shear,1
ISA 150150,150.0,150.0,18.0,7,12.0,13.0,40.0,25.0,799.0,Failure governed by Block Shear,1
ISA 150150,150.0,150.0,18.0,8,12.0,13.0,40.0,25.0,882.0,Failure governed by Block Shear,1
ISA 150150,150.0,150.0,18.0,2,14.0,15.0,50.0,30.0,422.0,Failure governed by Block Shear,1
ISA 150150,150.0,150.0,18.0,3,14.0,15.0,50.0,30.0,529.0,Failure governed by Block Shear,1
ISA 150150,150.0,150.0,18.0,4,14.0,15.0,50.0,30.0,637.0,Failure governed by Block Shear,1
ISA 150150,150.0,150.0,18.0,5,14.0,15.0,50.0,30.0,744.0,Failure governed by Block Shear,1
ISA 150150,150.0,150.0,18.0,6,14.0,15.0,50.0,30.0,851.0,Failure governed by Block Shear,1
ISA 150150,150.0,150.0,18.0,7,14.0,15.0,50.0,30.0,959.0,Failure governed by Block Shear,1
ISA 150150,150.0,150.0,18.0,8,14.0,15.0,50.0,30.0,1066.0,Failure governed by Block Shear,1
ISA 150150,150.0,150.0,18.0,2,16.0,18.0,55.0,35.0,439.0,Failure governed by Block Shear,1
ISA 150150,150.0,150.0,18.0,3,16.0,18.0,55.0,35.0,552.0,Failure governed by Block Shear,1
ISA 150150,150.0,150.0,18.0,4,16.0,18.0,55.0,35.0,666.0,Failure governed by Block Shear,1
ISA 150150,150.0,150.0,18.0,5,16.0,18.0,55.0,35.0,779.0,Failure governed by Block Shear,1
ISA 150150,150.0,150.0,18.0,6,16.0,18.0,55.0,35.0,893.0,Failure governed by Block Shear,1
ISA 150150,150.0,150.0,18.0,7,16.0,18.0,55.0,35.0,1006.0,Failure governed by Block Shear,1
ISA 150150,150.0,150.0,18.0,8,16.0,18.0,55.0,35.0,1120.0,Failure governed by Block Shear,1
ISA 150150,150.0,150.0,18.0,2,18.0,20.0,60.0,35.0,445.0,Failure governed by Block Shear,1
ISA 150150,150.0,150.0,18.0,3,18.0,20.0,60.0,35.0,568.0,Failure governed by Block Shear,1
ISA 150150,150.0,150.0,18.0,4,18.0,20.0,60.0,35.0,690.0,Failure governed by Block Shear,1
ISA 150150,150.0,150.0,18.0,5,18.0,20.0,60.0,35.0,813.0,Failure governed by Block Shear,1
ISA 150150,150.0,150.0,18.0,6,18.0,20.0,60.0,35.0,936.0,Failure governed by Block Shear,1
ISA 150150,150.0,150.0,18.0,7,18.0,20.0,60.0,35.0,1058.0,Failure governed by Block Shear,1
ISA 150150,150.0,150.0,18.0,8,18.0,20.0,60.0,35.0,1154.0,Failure governed by Yielding of Gross Section,1
ISA 150150,150.0,150.0,18.0,2,20.0,22.0,65.0,40.0,466.0,Failure governed by Block Shear,1
ISA 150150,150.0,150.0,18.0,3,20.0,22.0,65.0,40.0,598.0,Failure governed by Block Shear,1
ISA 150150,150.0,150.0,18.0,4,20.0,22.0,65.0,40.0,730.0,Failure governed by Block Shear,1
ISA 150150,150.0,150.0,18.0,5,20.0,22.0,65.0,40.0,862.0,Failure governed by Block Shear,1
ISA 150150,150.0,150.0,18.0,6,20.0,22.0,65.0,40.0,994.0,Failure governed by Block Shear,1
ISA 150150,150.0,150.0,18.0,7,20.0,22.0,65.0,40.0,1126.0,Failure governed by Block Shear,1
ISA 150150,150.0,150.0,18.0,8,20.0,22.0,65.0,40.0,1154.0,Failure governed by Yielding of Gross Section,1
ISA 150150,150.0,150.0,18.0,2,22.0,24.0,75.0,45.0,503.0,Failure governed by Block Shear,1
ISA 150150,150.0,150.0,18.0,3,22.0,24.0,75.0,45.0,660.0,Failure governed by Block Shear,1
ISA 150150,150.0,150.0,18.0,4,22.0,24.0,75.0,45.0,816.0,Failure governed by Block Shear,1
ISA 150150,150.0,150.0,18.0,5,22.0,24.0,75.0,45.0,973.0,Failure governed by Block Shear,1
ISA 150150,150.0,150.0,18.0,6,22.0,24.0,75.0,45.0,1129.0,Failure governed by Block Shear,1
ISA 150150,150.0,150.0,18.0,7,22.0,24.0,75.0,45.0,1154.0,Failure governed by Yielding of Gross Section,1
ISA 150150,150.0,150.0,18.0,8,22.0,24.0,75.0,45.0,1154.0,Failure governed by Yielding of Gross Section,1
ISA 150150,150.0,150.0,18.0,2,24.0,26.0,80.0,45.0,509.0,Failure governed by Block Shear,1
ISA 150150,150.0,150.0,18.0,3,24.0,26.0,80.0,45.0,675.0,Failure governed by Block Shear,1
ISA 150150,150.0,150.0,18.0,4,24.0,26.0,80.0,45.0,841.0,Failure governed by Block Shear,1
ISA 150150,150.0,150.0,18.0,5,24.0,26.0,80.0,45.0,1006.0,Failure governed by Block Shear,1
ISA 150150,150.0,150.0,18.0,6,24.0,26.0,80.0,45.0,1154.0,Failure governed by Yielding of Gross Section,1
ISA 150150,150.0,150.0,18.0,7,24.0,26.0,80.0,45.0,1154.0,Failure governed by Yielding of Gross Section,1
ISA 150150,150.0,150.0,18.0,8,24.0,26.0,80.0,45.0,1154.0,Failure governed by Yielding of Gross Section,1
ISA 150150,150.0,150.0,18.0,2,27.0,30.0,90.0,55.0,552.0,Failure governed by Block Shear,1
ISA 150150,150.0,150.0,18.0,3,27.0,30.0,90.0,55.0,736.0,Failure governed by Block Shear,1
ISA 150150,150.0,150.0,18.0,4,27.0,30.0,90.0,55.0,920.0,Failure governed by Block Shear,1
ISA 150150,150.0,150.0,18.0,5,27.0,30.0,90.0,55.0,1104.0,Failure governed by Block Shear,1
ISA 150150,150.0,150.0,18.0,6,27.0,30.0,90.0,55.0,1154.0,Failure governed by Yielding of Gross Section,1
ISA 150150,150.0,150.0,18.0,7,27.0,30.0,90.0,55.0,1154.0,Failure governed by Yielding of Gross Section,1
ISA 150150,150.0,150.0,18.0,8,27.0,30.0,90.0,55.0,1154.0,Failure governed by Yielding of Gross Section,1
ISA 150150,150.0,150.0,18.0,2,30.0,33.0,100.0,60.0,584.0,Failure governed by Block Shear,1
ISA 150150,150.0,150.0,18.0,3,30.0,33.0,100.0,60.0,790.0,Failure governed by Block Shear,1
ISA 150150,150.0,150.0,18.0,4,30.0,33.0,100.0,60.0,996.0,Failure governed by Block Shear,1
ISA 150150,150.0,150.0,18.0,5,30.0,33.0,100.0,60.0,1151.0,Failure governed by Rupture of critical section,1
ISA 150150,150.0,150.0,18.0,6,30.0,33.0,100.0,60.0,1151.0,Failure governed by Rupture of critical section,1
ISA 150150,150.0,150.0,18.0,7,30.0,33.0,100.0,60.0,1151.0,Failure governed by Rupture of critical section,1
ISA 150150,150.0,150.0,18.0,8,30.0,33.0,100.0,60.0,1151.0,Failure governed by Rupture of critical section,1
ISA 150150,150.0,150.0,18.0,2,32.0,35.0,105.0,60.0,591.0,Failure governed by Block Shear,1
ISA 150150,150.0,150.0,18.0,3,32.0,35.0,105.0,60.0,805.0,Failure governed by Block Shear,1
ISA 150150,150.0,150.0,18.0,4,32.0,35.0,105.0,60.0,1020.0,Failure governed by Block Shear,1
ISA 150150,150.0,150.0,18.0,5,32.0,35.0,105.0,60.0,1140.0,Failure governed by Rupture of critical section,1
ISA 150150,150.0,150.0,18.0,6,32.0,35.0,105.0,60.0,1140.0,Failure governed by Rupture of critical section,1
ISA 150150,150.0,150.0,18.0,7,32.0,35.0,105.0,60.0,1140.0,Failure governed by Rupture of critical section,1
ISA 150150,150.0,150.0,18.0,8,32.0,35.0,105.0,60.0,1140.0,Failure governed by Rupture of critical section,1
ISA 130130,130.0,130.0,8.0,2,12.0,13.0,40.0,25.0,207.0,Failure governed by Block Shear,2
ISA 130130,130.0,130.0,10.0,2,12.0,13.0,40.0,25.0,259.0,Failure governed by Block Shear,2
ISA 130130,130.0,130.0,10.0,3,12.0,13.0,40.0,25.0,305.0,Failure governed by Block Shear,2
ISA 130130,130.0,130.0,10.0,4,12.0,13.0,40.0,25.0,351.0,Failure governed by Block Shear,2
ISA 130130,130.0,130.0,10.0,5,12.0,13.0,40.0,25.0,397.0,Failure governed by Block Shear,2
ISA 130130,130.0,130.0,10.0,6,12.0,13.0,40.0,25.0,443.0,Failure governed by Block Shear,2
ISA 130130,130.0,130.0,10.0,7,12.0,13.0,40.0,25.0,489.0,Failure governed by Block Shear,2
ISA 130130,130.0,130.0,10.0,8,12.0,13.0,40.0,25.0,535.0,Failure governed by Block Shear,2
ISA 130130,130.0,130.0,10.0,2,14.0,15.0,50.0,30.0,275.0,Failure governed by Block Shear,2
ISA 130130,130.0,130.0,10.0,3,14.0,15.0,50.0,30.0,339.0,Failure governed by Block Shear,2
ISA 130130,130.0,130.0,10.0,4,14.0,15.0,50.0,30.0,399.0,Failure governed by Block Shear,2
ISA 130130,130.0,130.0,10.0,5,14.0,15.0,50.0,30.0,459.0,Failure governed by Block Shear,2
ISA 130130,130.0,130.0,10.0,6,14.0,15.0,50.0,30.0,518.0,Failure governed by Block Shear,2
ISA 130130,130.0,130.0,10.0,7,14.0,15.0,50.0,30.0,565.0,Failure governed by Rupture of critical section,2
ISA 130130,130.0,130.0,10.0,8,14.0,15.0,50.0,30.0,565.0,Failure governed by Rupture of critical section,2
ISA 130130,130.0,130.0,10.0,2,16.0,18.0,55.0,35.0,275.0,Failure governed by Block Shear,2
ISA 130130,130.0,130.0,10.0,3,16.0,18.0,55.0,35.0,347.0,Failure governed by Block Shear,2
ISA 130130,130.0,130.0,10.0,4,16.0,18.0,55.0,35.0,415.0,Failure governed by Block Shear,2
ISA 130130,130.0,130.0,10.0,5,16.0,18.0,55.0,35.0,478.0,Failure governed by Block Shear,2
ISA 130130,130.0,130.0,10.0,6,16.0,18.0,55.0,35.0,541.0,Failure governed by Block Shear,2
ISA 130130,130.0,130.0,10.0,7,16.0,18.0,55.0,35.0,547.0,Failure governed by Rupture of critical section,2
ISA 130130,130.0,130.0,10.0,8,16.0,18.0,55.0,35.0,547.0,Failure governed by Rupture of critical section,2
ISA 130130,130.0,130.0,10.0,2,18.0,20.0,60.0,35.0,272.0,Failure governed by Block Shear,2
ISA 130130,130.0,130.0,10.0,3,18.0,20.0,60.0,35.0,351.0,Failure governed by Block Shear,2
ISA 130130,130.0,130.0,10.0,4,18.0,20.0,60.0,35.0,429.0,Failure governed by Block Shear,2
ISA 130130,130.0,130.0,10.0,5,18.0,20.0,60.0,35.0,497.0,Failure governed by Block Shear,2
ISA 130130,130.0,130.0,10.0,6,18.0,20.0,60.0,35.0,535.0,Failure governed by Rupture of critical section,2
ISA 130130,130.0,130.0,10.0,7,18.0,20.0,60.0,35.0,535.0,Failure governed by Rupture of critical section,2
ISA 130130,130.0,130.0,10.0,8,18.0,20.0,60.0,35.0,535.0,Failure governed by Rupture of critical section,2
ISA 130130,130.0,130.0,10.0,2,20.0,22.0,65.0,40.0,277.0,Failure governed by Block Shear,2
ISA 130130,130.0,130.0,10.0,3,20.0,22.0,65.0,40.0,362.0,Failure governed by Block Shear,2
ISA 130130,130.0,130.0,10.0,4,20.0,22.0,65.0,40.0,447.0,Failure governed by Block Shear,2
ISA 130130,130.0,130.0,10.0,5,20.0,22.0,65.0,40.0,523.0,Failure governed by Rupture of critical section,2
ISA 130130,130.0,130.0,10.0,6,20.0,22.0,65.0,40.0,523.0,Failure governed by Rupture of critical section,2
ISA 130130,130.0,130.0,10.0,7,20.0,22.0,65.0,40.0,523.0,Failure governed by Rupture of critical section,2
ISA 130130,130.0,130.0,10.0,8,20.0,22.0,65.0,40.0,523.0,Failure governed by Rupture of critical section,2
ISA 130130,130.0,130.0,10.0,2,22.0,24.0,75.0,45.0,287.0,Failure governed by Block Shear,2
ISA 130130,130.0,130.0,10.0,3,22.0,24.0,75.0,45.0,386.0,Failure governed by Block Shear,2
ISA 130130,130.0,130.0,10.0,4,22.0,24.0,75.0,45.0,484.0,Failure governed by Block Shear,2
ISA 130130,130.0,130.0,10.0,5,22.0,24.0,75.0,45.0,511.0,Failure governed by Rupture of critical section,2
ISA 130130,130.0,130.0,10.0,6,22.0,24.0,75.0,45.0,511.0,Failure governed by Rupture of critical section,2
ISA 130130,130.0,130.0,10.0,7,22.0,24.0,75.0,45.0,511.0,Failure governed by Rupture of critical section,2
ISA 130130,130.0,130.0,10.0,8,22.0,24.0,75.0,45.0,511.0,Failure governed by Rupture of critical section,2
ISA 130130,130.0,130.0,10.0,2,24.0,26.0,80.0,45.0,285.0,Failure governed by Block Shear,2
ISA 130130,130.0,130.0,10.0,3,24.0,26.0,80.0,45.0,390.0,Failure governed by Block Shear,2
ISA 130130,130.0,130.0,10.0,4,24.0,26.0,80.0,45.0,491.0,Failure governed by Rupture of critical section,2
ISA 130130,130.0,130.0,10.0,5,24.0,26.0,80.0,45.0,500.0,Failure governed by Rupture of critical section,2
ISA 130130,130.0,130.0,10.0,6,24.0,26.0,80.0,45.0,500.0,Failure governed by Rupture of critical section,2
ISA 130130,130.0,130.0,10.0,7,24.0,26.0,80.0,45.0,500.0,Failure governed by Rupture of critical section,2
ISA 130130,130.0,130.0,10.0,8,24.0,26.0,80.0,45.0,500.0,Failure governed by Rupture of critical section,2
ISA 130130,130.0,130.0,12.0,2,12.0,13.0,40.0,25.0,311.0,Failure governed by Block Shear,2
ISA 130130,130.0,130.0,12.0,3,12.0,13.0,40.0,25.0,366.0,Failure governed by Block Shear,2
ISA 130130,130.0,130.0,12.0,4,12.0,13.0,40.0,25.0,422.0,Failure governed by Block Shear,2
ISA 130130,130.0,130.0,12.0,5,12.0,13.0,40.0,25.0,477.0,Failure governed by Block Shear,2
ISA 130130,130.0,130.0,12.0,6,12.0,13.0,40.0,25.0,532.0,Failure governed by Block Shear,2
ISA 130130,130.0,130.0,12.0,7,12.0,13.0,40.0,25.0,587.0,Failure governed by Block Shear,2
ISA 130130,130.0,130.0,12.0,8,12.0,13.0,40.0,25.0,643.0,Failure governed by Block Shear,2
ISA 130130,130.0,130.0,12.0,2,14.0,15.0,50.0,30.0,330.0,Failure governed by Block Shear,2
ISA 130130,130.0,130.0,12.0,3,14.0,15.0,50.0,30.0,407.0,Failure governed by Block Shear,2
ISA 130130,130.0,130.0,12.0,4,14.0,15.0,50.0,30.0,479.0,Failure governed by Block Shear,2
ISA 130130,130.0,130.0,12.0,5,14.0,15.0,50.0,30.0,551.0,Failure governed by Block Shear,2
ISA 130130,130.0,130.0,12.0,6,14.0,15.0,50.0,30.0,622.0,Failure governed by Block Shear,2
ISA 130130,130.0,130.0,12.0,7,14.0,15.0,50.0,30.0,671.0,Failure governed by Rupture of critical section,2
ISA 130130,130.0,130.0,12.0,8,14.0,15.0,50.0,30.0,671.0,Failure governed by Rupture of critical section,2
ISA 130130,130.0,130.0,12.0,2,16.0,18.0,55.0,35.0,329.0,Failure governed by Block Shear,2
ISA 130130,130.0,130.0,12.0,3,16.0,18.0,55.0,35.0,416.0,Failure governed by Block Shear,2
ISA 130130,130.0,130.0,12.0,4,16.0,18.0,55.0,35.0,498.0,Failure governed by Block Shear,2
ISA 130130,130.0,130.0,12.0,5,16.0,18.0,55.0,35.0,574.0,Failure governed by Block Shear,2
ISA 130130,130.0,130.0,12.0,6,16.0,18.0,55.0,35.0,650.0,Failure governed by Rupture of critical section,2
ISA 130130,130.0,130.0,12.0,7,16.0,18.0,55.0,35.0,650.0,Failure governed by Rupture of critical section,2
ISA 130130,130.0,130.0,12.0,8,16.0,18.0,55.0,35.0,650.0,Failure governed by Rupture of critical section,2
ISA 130130,130.0,130.0,12.0,2,18.0,20.0,60.0,35.0,327.0,Failure governed by Block Shear,2
ISA 130130,130.0,130.0,12.0,3,18.0,20.0,60.0,35.0,421.0,Failure governed by Block Shear,2
ISA 130130,130.0,130.0,12.0,4,18.0,20.0,60.0,35.0,515.0,Failure governed by Block Shear,2
ISA 130130,130.0,130.0,12.0,5,18.0,20.0,60.0,35.0,597.0,Failure governed by Block Shear,2
ISA 130130,130.0,130.0,12.0,6,18.0,20.0,60.0,35.0,636.0,Failure governed by Rupture of critical section,2
ISA 130130,130.0,130.0,12.0,7,18.0,20.0,60.0,35.0,636.0,Failure governed by Rupture of critical section,2
ISA 130130,130.0,130.0,12.0,8,18.0,20.0,60.0,35.0,636.0,Failure governed by Rupture of critical section,2
ISA 130130,130.0,130.0,12.0,2,20.0,22.0,65.0,40.0,332.0,Failure governed by Block Shear,2
ISA 130130,130.0,130.0,12.0,3,20.0,22.0,65.0,40.0,434.0,Failure governed by Block Shear,2
ISA 130130,130.0,130.0,12.0,4,20.0,22.0,65.0,40.0,537.0,Failure governed by Block Shear,2
ISA 130130,130.0,130.0,12.0,5,20.0,22.0,65.0,40.0,622.0,Failure governed by Rupture of critical section,2
ISA 130130,130.0,130.0,12.0,6,20.0,22.0,65.0,40.0,622.0,Failure governed by Rupture of critical section,2
ISA 130130,130.0,130.0,12.0,7,20.0,22.0,65.0,40.0,622.0,Failure governed by Rupture of critical section,2
ISA 130130,130.0,130.0,12.0,8,20.0,22.0,65.0,40.0,622.0,Failure governed by Rupture of critical section,2
ISA 130130,130.0,130.0,12.0,2,22.0,24.0,75.0,45.0,345.0,Failure governed by Block Shear,2
ISA 130130,130.0,130.0,12.0,3,22.0,24.0,75.0,45.0,463.0,Failure governed by Block Shear,2
ISA 130130,130.0,130.0,12.0,4,22.0,24.0,75.0,45.0,581.0,Failure governed by Block Shear,2
ISA 130130,130.0,130.0,12.0,5,22.0,24.0,75.0,45.0,607.0,Failure governed by Rupture of critical section,2
ISA 130130,130.0,130.0,12.0,6,22.0,24.0,75.0,45.0,607.0,Failure governed by Rupture of critical section,2
ISA 130130,130.0,130.0,12.0,7,22.0,24.0,75.0,45.0,607.0,Failure governed by Rupture of critical section,2
ISA 130130,130.0,130.0,12.0,8,22.0,24.0,75.0,45.0,607.0,Failure governed by Rupture of critical section,2
ISA 130130,130.0,130.0,12.0,2,24.0,26.0,80.0,45.0,342.0,Failure governed by Block Shear,2
ISA 130130,130.0,130.0,12.0,3,24.0,26.0,80.0,45.0,468.0,Failure governed by Block Shear,2
ISA 130130,130.0,130.0,12.0,4,24.0,26.0,80.0,45.0,593.0,Failure governed by Rupture of critical section,2
ISA 130130,130.0,130.0,12.0,5,24.0,26.0,80.0,45.0,593.0,Failure governed by Rupture of critical section,2
ISA 130130,130.0,130.0,12.0,6,24.0,26.0,80.0,45.0,593.0,Failure governed by Rupture of critical section,2
ISA 130130,130.0,130.0,12.0,7,24.0,26.0,80.0,45.0,593.0,Failure governed by Rupture of critical section,2
ISA 130130,130.0,130.0,12.0,8,24.0,26.0,80.0,45.0,593.0,Failure governed by Rupture of critical section,2
ISA 130130,130.0,130.0,15.0,2,12.0,13.0,40.0,25.0,389.0,Failure governed by Block Shear,2
ISA 130130,130.0,130.0,15.0,3,12.0,13.0,40.0,25.0,458.0,Failure governed by Block Shear,2
ISA 130130,130.0,130.0,15.0,4,12.0,13.0,40.0,25.0,527.0,Failure governed by Block Shear,2
ISA 130130,130.0,130.0,15.0,5,12.0,13.0,40.0,25.0,596.0,Failure governed by Block Shear,2
ISA 130130,130.0,130.0,15.0,6,12.0,13.0,40.0,25.0,665.0,Failure governed by Block Shear,2
ISA 130130,130.0,130.0,15.0,7,12.0,13.0,40.0,25.0,734.0,Failure governed by Block Shear,2
ISA 130130,130.0,130.0,15.0,8,12.0,13.0,40.0,25.0,803.0,Failure governed by Block Shear,2
ISA 130130,130.0,130.0,15.0,2,14.0,15.0,50.0,30.0,412.0,Failure governed by Block Shear,2
ISA 130130,130.0,130.0,15.0,3,14.0,15.0,50.0,30.0,509.0,Failure governed by Block Shear,2
ISA 130130,130.0,130.0,15.0,4,14.0,15.0,50.0,30.0,599.0,Failure governed by Block Shear,2
ISA 130130,130.0,130.0,15.0,5,14.0,15.0,50.0,30.0,688.0,Failure governed by Block Shear,2
ISA 130130,130.0,130.0,15.0,6,14.0,15.0,50.0,30.0,778.0,Failure governed by Block Shear,2
ISA 130130,130.0,130.0,15.0,7,14.0,15.0,50.0,30.0,827.0,Failure governed by Rupture of critical section,2
ISA 130130,130.0,130.0,15.0,8,14.0,15.0,50.0,30.0,827.0,Failure governed by Rupture of critical section,2
ISA 130130,130.0,130.0,15.0,2,16.0,18.0,55.0,35.0,412.0,Failure governed by Block Shear,2
ISA 130130,130.0,130.0,15.0,3,16.0,18.0,55.0,35.0,520.0,Failure governed by Block Shear,2
ISA 130130,130.0,130.0,15.0,4,16.0,18.0,55.0,35.0,623.0,Failure governed by Block Shear,2
ISA 130130,130.0,130.0,15.0,5,16.0,18.0,55.0,35.0,718.0,Failure governed by Block Shear,2
ISA 130130,130.0,130.0,15.0,6,16.0,18.0,55.0,35.0,801.0,Failure governed by Rupture of critical section,2
ISA 130130,130.0,130.0,15.0,7,16.0,18.0,55.0,35.0,801.0,Failure governed by Rupture of critical section,2
ISA 130130,130.0,130.0,15.0,8,16.0,18.0,55.0,35.0,801.0,Failure governed by Rupture of critical section,2
ISA 130130,130.0,130.0,15.0,2,18.0,20.0,60.0,35.0,408.0,Failure governed by Block Shear,2
ISA 130130,130.0,130.0,15.0,3,18.0,20.0,60.0,35.0,526.0,Failure governed by Block Shear,2
ISA 130130,130.0,130.0,15.0,4,18.0,20.0,60.0,35.0,643.0,Failure governed by Block Shear,2
ISA 130130,130.0,130.0,15.0,5,18.0,20.0,60.0,35.0,746.0,Failure governed by Block Shear,2
ISA 130130,130.0,130.0,15.0,6,18.0,20.0,60.0,35.0,783.0,Failure governed by Rupture of critical section,2
ISA 130130,130.0,130.0,15.0,7,18.0,20.0,60.0,35.0,783.0,Failure governed by Rupture of critical section,2
ISA 130130,130.0,130.0,15.0,8,18.0,20.0,60.0,35.0,783.0,Failure governed by Rupture of critical section,2
ISA 130130,130.0,130.0,15.0,2,20.0,22.0,65.0,40.0,415.0,Failure governed by Block Shear,2
ISA 130130,130.0,130.0,15.0,3,20.0,22.0,65.0,40.0,543.0,Failure governed by Block Shear,2
ISA 130130,130.0,130.0,15.0,4,20.0,22.0,65.0,40.0,671.0,Failure governed by Block Shear,2
ISA 130130,130.0,130.0,15.0,5,20.0,22.0,65.0,40.0,765.0,Failure governed by Rupture of critical section,2
ISA 130130,130.0,130.0,15.0,6,20.0,22.0,65.0,40.0,765.0,Failure governed by Rupture of critical section,2
ISA 130130,130.0,130.0,15.0,7,20.0,22.0,65.0,40.0,765.0,Failure governed by Rupture of critical section,2
ISA 130130,130.0,130.0,15.0,8,20.0,22.0,65.0,40.0,765.0,Failure governed by Rupture of critical section,2
ISA 130130,130.0,130.0,15.0,2,22.0,24.0,75.0,45.0,431.0,Failure governed by Block Shear,2
ISA 130130,130.0,130.0,15.0,3,22.0,24.0,75.0,45.0,579.0,Failure governed by Block Shear,2
ISA 130130,130.0,130.0,15.0,4,22.0,24.0,75.0,45.0,726.0,Failure governed by Block Shear,2
ISA 130130,130.0,130.0,15.0,5,22.0,24.0,75.0,45.0,747.0,Failure governed by Rupture of critical section,2
ISA 130130,130.0,130.0,15.0,6,22.0,24.0,75.0,45.0,747.0,Failure governed by Rupture of critical section,2
ISA 130130,130.0,130.0,15.0,7,22.0,24.0,75.0,45.0,747.0,Failure governed by Rupture of critical section,2
ISA 130130,130.0,130.0,15.0,8,22.0,24.0,75.0,45.0,747.0,Failure governed by Rupture of critical section,2
ISA 130130,130.0,130.0,15.0,2,24.0,26.0,80.0,45.0,428.0,Failure governed by Block Shear,2
ISA 130130,130.0,130.0,15.0,3,24.0,26.0,80.0,45.0,585.0,Failure governed by Block Shear,2
ISA 130130,130.0,130.0,15.0,4,24.0,26.0,80.0,45.0,730.0,Failure governed by Rupture of critical section,2
ISA 130130,130.0,130.0,15.0,5,24.0,26.0,80.0,45.0,730.0,Failure governed by Rupture of critical section,2
ISA 130130,130.0,130.0,15.0,6,24.0,26.0,80.0,45.0,730.0,Failure governed by Rupture of critical section,2
ISA 130130,130.0,130.0,15.0,7,24.0,26.0,80.0,45.0,730.0,Failure governed by Rupture of critical section,2
ISA 130130,130.0,130.0,15.0,8,24.0,26.0,80.0,45.0,730.0,Failure governed by Rupture of critical section,2
ISA 130130,130.0,130.0,8.0,2,12.0,13.0,40.0,25.0,153.0,Failure governed by Block Shear,1
ISA 130130,130.0,130.0,10.0,2,12.0,13.0,40.0,25.0,191.0,Failure governed by Block Shear,1
ISA 130130,130.0,130.0,12.0,2,12.0,13.0,40.0,25.0,229.0,Failure governed by Block Shear,1
ISA 130130,130.0,130.0,15.0,2,12.0,13.0,40.0,25.0,287.0,Failure governed by Block Shear,1
ISA 110110,110.0,110.0,8.0,2,12.0,13.0,40.0,25.0,176.0,Failure governed by Block Shear,2
ISA 110110,110.0,110.0,10.0,2,12.0,13.0,40.0,25.0,220.0,Failure governed by Block Shear,2
ISA 110110,110.0,110.0,10.0,3,12.0,13.0,40.0,25.0,271.0,Failure governed by Block Shear,2
ISA 110110,110.0,110.0,10.0,4,12.0,13.0,40.0,25.0,317.0,Failure governed by Block Shear,2
ISA 110110,110.0,110.0,10.0,5,12.0,13.0,40.0,25.0,363.0,Failure governed by Block Shear,2
ISA 110110,110.0,110.0,10.0,6,12.0,13.0,40.0,25.0,409.0,Failure governed by Block Shear,2
ISA 110110,110.0,110.0,10.0,7,12.0,13.0,40.0,25.0,455.0,Failure governed by Block Shear,2
ISA 110110,110.0,110.0,10.0,8,12.0,13.0,40.0,25.0,472.0,Failure governed by Rupture of critical section,2
ISA 110110,110.0,110.0,10.0,2,14.0,15.0,50.0,30.0,230.0,Failure governed by Block Shear,2
ISA 110110,110.0,110.0,10.0,3,14.0,15.0,50.0,30.0,296.0,Failure governed by Block Shear,2
ISA 110110,110.0,110.0,10.0,4,14.0,15.0,50.0,30.0,362.0,Failure governed by Block Shear,2
ISA 110110,110.0,110.0,10.0,5,14.0,15.0,50.0,30.0,425.0,Failure governed by Block Shear,2
ISA 110110,110.0,110.0,10.0,6,14.0,15.0,50.0,30.0,460.0,Failure governed by Rupture of critical section,2
ISA 110110,110.0,110.0,10.0,7,14.0,15.0,50.0,30.0,460.0,Failure governed by Rupture of critical section,2
ISA 110110,110.0,110.0,10.0,8,14.0,15.0,50.0,30.0,460.0,Failure governed by Rupture of critical section,2
ISA 110110,110.0,110.0,10.0,2,16.0,18.0,55.0,35.0,230.0,Failure governed by Block Shear,2
ISA 110110,110.0,110.0,10.0,3,16.0,18.0,55.0,35.0,302.0,Failure governed by Block Shear,2
ISA 110110,110.0,110.0,10.0,4,16.0,18.0,55.0,35.0,375.0,Failure governed by Block Shear,2
ISA 110110,110.0,110.0,10.0,5,16.0,18.0,55.0,35.0,442.0,Failure governed by Rupture of critical section,2
ISA 110110,110.0,110.0,10.0,6,16.0,18.0,55.0,35.0,442.0,Failure governed by Rupture of critical section,2
ISA 110110,110.0,110.0,10.0,7,16.0,18.0,55.0,35.0,442.0,Failure governed by Rupture of critical section,2
ISA 110110,110.0,110.0,10.0,8,16.0,18.0,55.0,35.0,442.0,Failure governed by Rupture of critical section,2
ISA 110110,110.0,110.0,10.0,2,18.0,20.0,60.0,35.0,228.0,Failure governed by Block Shear,2
ISA 110110,110.0,110.0,10.0,3,18.0,20.0,60.0,35.0,307.0,Failure governed by Block Shear,2
ISA 110110,110.0,110.0,10.0,4,18.0,20.0,60.0,35.0,385.0,Failure governed by Block Shear,2
ISA 110110,110.0,110.0,10.0,5,18.0,20.0,60.0,35.0,431.0,Failure governed by Rupture of critical section,2
ISA 110110,110.0,110.0,10.0,6,18.0,20.0,60.0,35.0,431.0,Failure governed by Rupture of critical section,2
ISA 110110,110.0,110.0,10.0,7,18.0,20.0,60.0,35.0,431.0,Failure governed by Rupture of critical section,2
ISA 110110,110.0,110.0,10.0,8,18.0,20.0,60.0,35.0,431.0,Failure governed by Rupture of critical section,2
ISA 110110,110.0,110.0,10.0,2,20.0,22.0,65.0,40.0,232.0,Failure governed by Block Shear,2
ISA 110110,110.0,110.0,10.0,3,20.0,22.0,65.0,40.0,318.0,Failure governed by Block Shear,2
ISA 110110,110.0,110.0,10.0,4,20.0,22.0,65.0,40.0,403.0,Failure governed by Block Shear,2
ISA 110110,110.0,110.0,10.0,5,20.0,22.0,65.0,40.0,419.0,Failure governed by Rupture of critical section,2
ISA 110110,110.0,110.0,10.0,6,20.0,22.0,65.0,40.0,419.0,Failure governed by Rupture of critical section,2
ISA 110110,110.0,110.0,10.0,7,20.0,22.0,65.0,40.0,419.0,Failure governed by Rupture of critical section,2
ISA 110110,110.0,110.0,10.0,8,20.0,22.0,65.0,40.0,419.0,Failure governed by Rupture of critical section,2
ISA 110110,110.0,110.0,10.0,2,22.0,24.0,75.0,45.0,243.0,Failure governed by Block Shear,2
ISA 110110,110.0,110.0,10.0,3,22.0,24.0,75.0,45.0,341.0,Failure governed by Block Shear,2
ISA 110110,110.0,110.0,10.0,4,22.0,24.0,75.0,45.0,407.0,Failure governed by Rupture of critical section,2
ISA 110110,110.0,110.0,10.0,5,22.0,24.0,75.0,45.0,407.0,Failure governed by Rupture of critical section,2
ISA 110110,110.0,110.0,10.0,6,22.0,24.0,75.0,45.0,407.0,Failure governed by Rupture of critical section,2
ISA 110110,110.0,110.0,10.0,7,22.0,24.0,75.0,45.0,407.0,Failure governed by Rupture of critical section,2
ISA 110110,110.0,110.0,10.0,8,22.0,24.0,75.0,45.0,407.0,Failure governed by Rupture of critical section,2
ISA 110110,110.0,110.0,10.0,2,24.0,26.0,80.0,45.0,241.0,Failure governed by Block Shear,2
ISA 110110,110.0,110.0,10.0,3,24.0,26.0,80.0,45.0,346.0,Failure governed by Block Shear,2
ISA 110110,110.0,110.0,10.0,4,24.0,26.0,80.0,45.0,395.0,Failure governed by Rupture of critical section,2
ISA 110110,110.0,110.0,10.0,5,24.0,26.0,80.0,45.0,395.0,Failure governed by Rupture of critical section,2
ISA 110110,110.0,110.0,10.0,6,24.0,26.0,80.0,45.0,395.0,Failure governed by Rupture of critical section,2
ISA 110110,110.0,110.0,10.0,7,24.0,26.0,80.0,45.0,395.0,Failure governed by Rupture of critical section,2
ISA 110110,110.0,110.0,10.0,8,24.0,26.0,80.0,45.0,395.0,Failure governed by Rupture of critical section,2
ISA 110110,110.0,110.0,12.0,2,12.0,13.0,40.0,25.0,264.0,Failure governed by Block Shear,2
ISA 110110,110.0,110.0,12.0,3,12.0,13.0,40.0,25.0,326.0,Failure governed by Block Shear,2
ISA 110110,110.0,110.0,12.0,4,12.0,13.0,40.0,25.0,381.0,Failure governed by Block Shear,2
ISA 110110,110.0,110.0,12.0,5,12.0,13.0,40.0,25.0,436.0,Failure governed by Block Shear,2
ISA 110110,110.0,110.0,12.0,6,12.0,13.0,40.0,25.0,491.0,Failure governed by Block Shear,2
ISA 110110,110.0,110.0,12.0,7,12.0,13.0,40.0,25.0,546.0,Failure governed by Block Shear,2
ISA 110110,110.0,110.0,12.0,8,12.0,13.0,40.0,25.0,560.0,Failure governed by Rupture of critical section,2
ISA 110110,110.0,110.0,12.0,2,14.0,15.0,50.0,30.0,277.0,Failure governed by Block Shear,2
ISA 110110,110.0,110.0,12.0,3,14.0,15.0,50.0,30.0,355.0,Failure governed by Block Shear,2
ISA 110110,110.0,110.0,12.0,4,14.0,15.0,50.0,30.0,434.0,Failure governed by Block Shear,2
ISA 110110,110.0,110.0,12.0,5,14.0,15.0,50.0,30.0,510.0,Failure governed by Block Shear,2
ISA 110110,110.0,110.0,12.0,6,14.0,15.0,50.0,30.0,546.0,Failure governed by Rupture of critical section,2
ISA 110110,110.0,110.0,12.0,7,14.0,15.0,50.0,30.0,546.0,Failure governed by Rupture of critical section,2
ISA 110110,110.0,110.0,12.0,8,14.0,15.0,50.0,30.0,546.0,Failure governed by Rupture of critical section,2
ISA 110110,110.0,110.0,12.0,2,16.0,18.0,55.0,35.0,276.0,Failure governed by Block Shear,2
ISA 110110,110.0,110.0,12.0,3,16.0,18.0,55.0,35.0,363.0,Failure governed by Block Shear,2
ISA 110110,110.0,110.0,12.0,4,16.0,18.0,55.0,35.0,450.0,Failure governed by Block Shear,2
ISA 110110,110.0,110.0,12.0,5,16.0,18.0,55.0,35.0,525.0,Failure governed by Rupture of critical section,2
ISA 110110,110.0,110.0,12.0,6,16.0,18.0,55.0,35.0,525.0,Failure governed by Rupture of critical section,2
ISA 110110,110.0,110.0,12.0,7,16.0,18.0,55.0,35.0,525.0,Failure governed by Rupture of critical section,2
ISA 110110,110.0,110.0,12.0,8,16.0,18.0,55.0,35.0,525.0,Failure governed by Rupture of critical section,2
ISA 110110,110.0,110.0,12.0,2,18.0,20.0,60.0,35.0,274.0,Failure governed by Block Shear,2
ISA 110110,110.0,110.0,12.0,3,18.0,20.0,60.0,35.0,368.0,Failure governed by Block Shear,2
ISA 110110,110.0,110.0,12.0,4,18.0,20.0,60.0,35.0,463.0,Failure governed by Block Shear,2
ISA 110110,110.0,110.0,12.0,5,18.0,20.0,60.0,35.0,510.0,Failure governed by Rupture of critical section,2
ISA 110110,110.0,110.0,12.0,6,18.0,20.0,60.0,35.0,510.0,Failure governed by Rupture of critical section,2
ISA 110110,110.0,110.0,12.0,7,18.0,20.0,60.0,35.0,510.0,Failure governed by Rupture of critical section,2
ISA 110110,110.0,110.0,12.0,8,18.0,20.0,60.0,35.0,510.0,Failure governed by Rupture of critical section,2
ISA 110110,110.0,110.0,12.0,2,20.0,22.0,65.0,40.0,279.0,Failure governed by Block Shear,2
ISA 110110,110.0,110.0,12.0,3,20.0,22.0,65.0,40.0,381.0,Failure governed by Block Shear,2
ISA 110110,110.0,110.0,12.0,4,20.0,22.0,65.0,40.0,483.0,Failure governed by Block Shear,2
ISA 110110,110.0,110.0,12.0,5,20.0,22.0,65.0,40.0,496.0,Failure governed by Rupture of critical section,2
ISA 110110,110.0,110.0,12.0,6,20.0,22.0,65.0,40.0,496.0,Failure governed by Rupture of critical section,2
ISA 110110,110.0,110.0,12.0,7,20.0,22.0,65.0,40.0,496.0,Failure governed by Rupture of critical section,2
ISA 110110,110.0,110.0,12.0,8,20.0,22.0,65.0,40.0,496.0,Failure governed by Rupture of critical section,2
ISA 110110,110.0,110.0,12.0,2,22.0,24.0,75.0,45.0,292.0,Failure governed by Block Shear,2
ISA 110110,110.0,110.0,12.0,3,22.0,24.0,75.0,45.0,410.0,Failure governed by Block Shear,2
ISA 110110,110.0,110.0,12.0,4,22.0,24.0,75.0,45.0,482.0,Failure governed by Rupture of critical section,2
ISA 110110,110.0,110.0,12.0,5,22.0,24.0,75.0,45.0,482.0,Failure governed by Rupture of critical section,2
ISA 110110,110.0,110.0,12.0,6,22.0,24.0,75.0,45.0,482.0,Failure governed by Rupture of critical section,2
ISA 110110,110.0,110.0,12.0,7,22.0,24.0,75.0,45.0,482.0,Failure governed by Rupture of critical section,2
ISA 110110,110.0,110.0,12.0,8,22.0,24.0,75.0,45.0,482.0,Failure governed by Rupture of critical section,2
ISA 110110,110.0,110.0,12.0,2,24.0,26.0,80.0,45.0,289.0,Failure governed by Block Shear,2
ISA 110110,110.0,110.0,12.0,3,24.0,26.0,80.0,45.0,415.0,Failure governed by Block Shear,2
ISA 110110,110.0,110.0,12.0,4,24.0,26.0,80.0,45.0,468.0,Failure governed by Rupture of critical section,2
ISA 110110,110.0,110.0,12.0,5,24.0,26.0,80.0,45.0,468.0,Failure governed by Rupture of critical section,2
ISA 110110,110.0,110.0,12.0,6,24.0,26.0,80.0,45.0,468.0,Failure governed by Rupture of critical section,2
ISA 110110,110.0,110.0,12.0,7,24.0,26.0,80.0,45.0,468.0,Failure governed by Rupture of critical section,2
ISA 110110,110.0,110.0,12.0,8,24.0,26.0,80.0,45.0,468.0,Failure governed by Rupture of critical section,2
ISA 110110,110.0,110.0,15.0,2,12.0,13.0,40.0,25.0,329.0,Failure governed by Block Shear,2
ISA 110110,110.0,110.0,15.0,3,12.0,13.0,40.0,25.0,407.0,Failure governed by Block Shear,2
ISA 110110,110.0,110.0,15.0,4,12.0,13.0,40.0,25.0,476.0,Failure governed by Block Shear,2
ISA 110110,110.0,110.0,15.0,5,12.0,13.0,40.0,25.0,545.0,Failure governed by Block Shear,2
ISA 110110,110.0,110.0,15.0,6,12.0,13.0,40.0,25.0,614.0,Failure governed by Block Shear,2
ISA 110110,110.0,110.0,15.0,7,12.0,13.0,40.0,25.0,683.0,Failure governed by Block Shear,2
ISA 110110,110.0,110.0,15.0,8,12.0,13.0,40.0,25.0,688.0,Failure governed by Rupture of critical section,2
ISA 110110,110.0,110.0,15.0,2,14.0,15.0,50.0,30.0,346.0,Failure governed by Block Shear,2
ISA 110110,110.0,110.0,15.0,3,14.0,15.0,50.0,30.0,444.0,Failure governed by Block Shear,2
ISA 110110,110.0,110.0,15.0,4,14.0,15.0,50.0,30.0,542.0,Failure governed by Block Shear,2
ISA 110110,110.0,110.0,15.0,5,14.0,15.0,50.0,30.0,637.0,Failure governed by Block Shear,2
ISA 110110,110.0,110.0,15.0,6,14.0,15.0,50.0,30.0,670.0,Failure governed by Rupture of critical section,2
ISA 110110,110.0,110.0,15.0,7,14.0,15.0,50.0,30.0,670.0,Failure governed by Rupture of critical section,2
ISA 110110,110.0,110.0,15.0,8,14.0,15.0,50.0,30.0,670.0,Failure governed by Rupture of critical section,2
ISA 110110,110.0,110.0,15.0,2,16.0,18.0,55.0,35.0,345.0,Failure governed by Block Shear,2
ISA 110110,110.0,110.0,15.0,3,16.0,18.0,55.0,35.0,454.0,Failure governed by Block Shear,2
ISA 110110,110.0,110.0,15.0,4,16.0,18.0,55.0,35.0,562.0,Failure governed by Block Shear,2
ISA 110110,110.0,110.0,15.0,5,16.0,18.0,55.0,35.0,644.0,Failure governed by Rupture of critical section,2
ISA 110110,110.0,110.0,15.0,6,16.0,18.0,55.0,35.0,644.0,Failure governed by Rupture of critical section,2
ISA 110110,110.0,110.0,15.0,7,16.0,18.0,55.0,35.0,644.0,Failure governed by Rupture of critical section,2
ISA 110110,110.0,110.0,15.0,8,16.0,18.0,55.0,35.0,644.0,Failure governed by Rupture of critical section,2
ISA 110110,110.0,110.0,15.0,2,18.0,20.0,60.0,35.0,320.0,Failure governed by Block Shear,2
ISA 110110,110.0,110.0,15.0,3,18.0,20.0,60.0,35.0,422.0,Failure governed by Block Shear,2
ISA 110110,110.0,110.0,15.0,4,18.0,20.0,60.0,35.0,524.0,Failure governed by Block Shear,2
ISA 110110,110.0,110.0,15.0,5,18.0,20.0,60.0,35.0,626.0,Failure governed by Block Shear,2
ISA 110110,110.0,110.0,15.0,6,18.0,20.0,60.0,35.0,700.0,Failure governed by Yielding of Gross Section,2
ISA 110110,110.0,110.0,15.0,7,18.0,20.0,60.0,35.0,700.0,Failure governed by Yielding of Gross Section,2
ISA 110110,110.0,110.0,15.0,8,18.0,20.0,60.0,35.0,700.0,Failure governed by Yielding of Gross Section,2
ISA 110110,110.0,110.0,15.0,2,20.0,22.0,65.0,40.0,337.0,Failure governed by Block Shear,2
ISA 110110,110.0,110.0,15.0,3,20.0,22.0,65.0,40.0,447.0,Failure governed by Block Shear,2
ISA 110110,110.0,110.0,15.0,4,20.0,22.0,65.0,40.0,557.0,Failure governed by Block Shear,2
ISA 110110,110.0,110.0,15.0,5,20.0,22.0,65.0,40.0,667.0,Failure governed by Block Shear,2
ISA 110110,110.0,110.0,15.0,6,20.0,22.0,65.0,40.0,700.0,Failure governed by Yielding of Gross Section,2
ISA 110110,110.0,110.0,15.0,7,20.0,22.0,65.0,40.0,700.0,Failure governed by Yielding of Gross Section,2
ISA 110110,110.0,110.0,15.0,8,20.0,22.0,65.0,40.0,700.0,Failure governed by Yielding of Gross Section,2
ISA 110110,110.0,110.0,15.0,2,22.0,24.0,75.0,45.0,368.0,Failure governed by Block Shear,2
ISA 110110,110.0,110.0,15.0,3,22.0,24.0,75.0,45.0,499.0,Failure governed by Block Shear,2
ISA 110110,110.0,110.0,15.0,4,22.0,24.0,75.0,45.0,629.0,Failure governed by Block Shear,2
ISA 110110,110.0,110.0,15.0,5,22.0,24.0,75.0,45.0,697.0,Failure governed by Rupture of critical section,2
ISA 110110,110.0,110.0,15.0,6,22.0,24.0,75.0,45.0,697.0,Failure governed by Rupture of critical section,2
ISA 110110,110.0,110.0,15.0,7,22.0,24.0,75.0,45.0,697.0,Failure governed by Rupture of critical section,2
ISA 110110,110.0,110.0,15.0,8,22.0,24.0,75.0,45.0,697.0,Failure governed by Rupture of critical section,2
ISA 110110,110.0,110.0,15.0,2,24.0,26.0,80.0,45.0,373.0,Failure governed by Block Shear,2
ISA 110110,110.0,110.0,15.0,3,24.0,26.0,80.0,45.0,511.0,Failure governed by Block Shear,2
ISA 110110,110.0,110.0,15.0,4,24.0,26.0,80.0,45.0,649.0,Failure governed by Block Shear,2
ISA 110110,110.0,110.0,15.0,5,24.0,26.0,80.0,45.0,688.0,Failure governed by Rupture of critical section,2
ISA 110110,110.0,110.0,15.0,6,24.0,26.0,80.0,45.0,688.0,Failure governed by Rupture of critical section,2
ISA 110110,110.0,110.0,15.0,7,24.0,26.0,80.0,45.0,688.0,Failure governed by Rupture of critical section,2
ISA 110110,110.0,110.0,15.0,8,24.0,26.0,80.0,45.0,688.0,Failure governed by Rupture of critical section,2
ISA 110110,110.0,110.0,8.0,2,12.0,13.0,40.0,25.0,144.0,Failure governed by Block Shear,1
ISA 110110,110.0,110.0,8.0,3,12.0,13.0,40.0,25.0,181.0,Failure governed by Block Shear,1
ISA 110110,110.0,110.0,8.0,4,12.0,13.0,40.0,25.0,217.0,Failure governed by Block Shear,1
ISA 110110,110.0,110.0,8.0,5,12.0,13.0,40.0,25.0,254.0,Failure governed by Block Shear,1
ISA 110110,110.0,110.0,8.0,6,12.0,13.0,40.0,25.0,291.0,Failure governed by Block Shear,1
ISA 110110,110.0,110.0,8.0,7,12.0,13.0,40.0,25.0,328.0,Failure governed by Block Shear,1
ISA 110110,110.0,110.0,8.0,8,12.0,13.0,40.0,25.0,365.0,Failure governed by Block Shear,1
ISA 110110,110.0,110.0,8.0,2,14.0,15.0,50.0,30.0,160.0,Failure governed by Block Shear,1
ISA 110110,110.0,110.0,8.0,3,14.0,15.0,50.0,30.0,208.0,Failure governed by Block Shear,1
ISA 110110,110.0,110.0,8.0,4,14.0,15.0,50.0,30.0,256.0,Failure governed by Block Shear,1
ISA 110110,110.0,110.0,8.0,5,14.0,15.0,50.0,30.0,303.0,Failure governed by Block Shear,1
ISA 110110,110.0,110.0,8.0,6,14.0,15.0,50.0,30.0,351.0,Failure governed by Block Shear,1
ISA 110110,110.0,110.0,8.0,7,14.0,15.0,50.0,30.0,387.0,Failure governed by Yielding of Gross Section,1
ISA 110110,110.0,110.0,8.0,8,14.0,15.0,50.0,30.0,387.0,Failure governed by Yielding of Gross Section,1
ISA 110110,110.0,110.0,8.0,2,16.0,18.0,55.0,35.0,168.0,Failure governed by Block Shear,1
ISA 110110,110.0,110.0,8.0,3,16.0,18.0,55.0,35.0,218.0,Failure governed by Block Shear,1
ISA 110110,110.0,110.0,8.0,4,16.0,18.0,55.0,35.0,269.0,Failure governed by Block Shear,1
ISA 110110,110.0,110.0,8.0,5,16.0,18.0,55.0,35.0,319.0,Failure governed by Block Shear,1
ISA 110110,110.0,110.0,8.0,6,16.0,18.0,55.0,35.0,370.0,Failure governed by Block Shear,1
ISA 110110,110.0,110.0,8.0,7,16.0,18.0,55.0,35.0,387.0,Failure governed by Yielding of Gross Section,1
ISA 110110,110.0,110.0,8.0,8,16.0,18.0,55.0,35.0,387.0,Failure governed by Yielding of Gross Section,1
ISA 110110,110.0,110.0,8.0,2,18.0,20.0,60.0,35.0,170.0,Failure governed by Block Shear,1
ISA 110110,110.0,110.0,8.0,3,18.0,20.0,60.0,35.0,225.0,Failure governed by Block Shear,1
ISA 110110,110.0,110.0,8.0,4,18.0,20.0,60.0,35.0,280.0,Failure governed by Block Shear,1
ISA 110110,110.0,110.0,8.0,5,18.0,20.0,60.0,35.0,334.0,Failure governed by Block Shear,1
ISA 110110,110.0,110.0,8.0,6,18.0,20.0,60.0,35.0,387.0,Failure governed by Yielding of Gross Section,1
ISA 110110,110.0,110.0,8.0,7,18.0,20.0,60.0,35.0,387.0,Failure governed by Yielding of Gross Section,1
ISA 110110,110.0,110.0,8.0,8,18.0,20.0,60.0,35.0,387.0,Failure governed by Yielding of Gross Section,1
ISA 110110,110.0,110.0,8.0,2,20.0,22.0,65.0,40.0,180.0,Failure governed by Block Shear,1
ISA 110110,110.0,110.0,8.0,3,20.0,22.0,65.0,40.0,239.0,Failure governed by Block Shear,1
ISA 110110,110.0,110.0,8.0,4,20.0,22.0,65.0,40.0,297.0,Failure governed by Block Shear,1
ISA 110110,110.0,110.0,8.0,5,20.0,22.0,65.0,40.0,356.0,Failure governed by Block Shear,1
ISA 110110,110.0,110.0,8.0,6,20.0,22.0,65.0,40.0,387.0,Failure governed by Yielding of Gross Section,1
ISA 110110,110.0,110.0,8.0,7,20.0,22.0,65.0,40.0,387.0,Failure governed by Yielding of Gross Section,1
ISA 110110,110.0,110.0,8.0,8,20.0,22.0,65.0,40.0,387.0,Failure governed by Yielding of Gross Section,1
ISA 110110,110.0,110.0,8.0,2,22.0,24.0,75.0,45.0,196.0,Failure governed by Block Shear,1
ISA 110110,110.0,110.0,8.0,3,22.0,24.0,75.0,45.0,266.0,Failure governed by Block Shear,1
ISA 110110,110.0,110.0,8.0,4,22.0,24.0,75.0,45.0,335.0,Failure governed by Block Shear,1
ISA 110110,110.0,110.0,8.0,5,22.0,24.0,75.0,45.0,386.0,Failure governed by Rupture of critical section,1
ISA 110110,110.0,110.0,8.0,6,22.0,24.0,75.0,45.0,386.0,Failure governed by Rupture of critical section,1
ISA 110110,110.0,110.0,8.0,7,22.0,24.0,75.0,45.0,386.0,Failure governed by Rupture of critical section,1
ISA 110110,110.0,110.0,8.0,8,22.0,24.0,75.0,45.0,386.0,Failure governed by Rupture of critical section,1
ISA 110110,110.0,110.0,8.0,2,24.0,26.0,80.0,45.0,199.0,Failure governed by Block Shear,1
ISA 110110,110.0,110.0,8.0,3,24.0,26.0,80.0,45.0,273.0,Failure governed by Block Shear,1
ISA 110110,110.0,110.0,8.0,4,24.0,26.0,80.0,45.0,346.0,Failure governed by Block Shear,1
ISA 110110,110.0,110.0,8.0,5,24.0,26.0,80.0,45.0,382.0,Failure governed by Rupture of critical section,1
ISA 110110,110.0,110.0,8.0,6,24.0,26.0,80.0,45.0,382.0,Failure governed by Rupture of critical section,1
ISA 110110,110.0,110.0,8.0,7,24.0,26.0,80.0,45.0,382.0,Failure governed by Rupture of critical section,1
ISA 110110,110.0,110.0,8.0,8,24.0,26.0,80.0,45.0,382.0,Failure governed by Rupture of critical section,1
ISA 110110,110.0,110.0,10.0,2,12.0,13.0,40.0,25.0,180.0,Failure governed by Block Shear,1
ISA 110110,110.0,110.0,10.0,3,12.0,13.0,40.0,25.0,226.0,Failure governed by Block Shear,1
ISA 110110,110.0,110.0,10.0,4,12.0,13.0,40.0,25.0,272.0,Failure governed by Block Shear,1
ISA 110110,110.0,110.0,10.0,5,12.0,13.0,40.0,25.0,318.0,Failure governed by Block Shear,1
ISA 110110,110.0,110.0,10.0,6,12.0,13.0,40.0,25.0,364.0,Failure governed by Block Shear,1
ISA 110110,110.0,110.0,10.0,7,12.0,13.0,40.0,25.0,410.0,Failure governed by Block Shear,1
ISA 110110,110.0,110.0,10.0,8,12.0,13.0,40.0,25.0,456.0,Failure governed by Block Shear,1
ISA 110110,110.0,110.0,10.0,2,14.0,15.0,50.0,30.0,200.0,Failure governed by Block Shear,1
ISA 110110,110.0,110.0,10.0,3,14.0,15.0,50.0,30.0,260.0,Failure governed by Block Shear,1
ISA 110110,110.0,110.0,10.0,4,14.0,15.0,50.0,30.0,320.0,Failure governed by Block Shear,1
ISA 110110,110.0,110.0,10.0,5,14.0,15.0,50.0,30.0,379.0,Failure governed by Block Shear,1
ISA 110110,110.0,110.0,10.0,6,14.0,15.0,50.0,30.0,439.0,Failure governed by Block Shear,1
ISA 110110,110.0,110.0,10.0,7,14.0,15.0,50.0,30.0,479.0,Failure governed by Yielding of Gross Section,1
ISA 110110,110.0,110.0,10.0,8,14.0,15.0,50.0,30.0,479.0,Failure governed by Yielding of Gross Section,1
ISA 110110,110.0,110.0,10.0,2,16.0,18.0,55.0,35.0,210.0,Failure governed by Block Shear,1
ISA 110110,110.0,110.0,10.0,3,16.0,18.0,55.0,35.0,273.0,Failure governed by Block Shear,1
ISA 110110,110.0,110.0,10.0,4,16.0,18.0,55.0,35.0,336.0,Failure governed by Block Shear,1
ISA 110110,110.0,110.0,10.0,5,16.0,18.0,55.0,35.0,399.0,Failure governed by Block Shear,1
ISA 110110,110.0,110.0,10.0,6,16.0,18.0,55.0,35.0,462.0,Failure governed by Block Shear,1
ISA 110110,110.0,110.0,10.0,7,16.0,18.0,55.0,35.0,479.0,Failure governed by Yielding of Gross Section,1
ISA 110110,110.0,110.0,10.0,8,16.0,18.0,55.0,35.0,479.0,Failure governed by Yielding of Gross Section,1
ISA 110110,110.0,110.0,10.0,2,18.0,20.0,60.0,35.0,213.0,Failure governed by Block Shear,1
ISA 110110,110.0,110.0,10.0,3,18.0,20.0,60.0,35.0,281.0,Failure governed by Block Shear,1
ISA 110110,110.0,110.0,10.0,4,18.0,20.0,60.0,35.0,349.0,Failure governed by Block Shear,1
ISA 110110,110.0,110.0,10.0,5,18.0,20.0,60.0,35.0,418.0,Failure governed by Block Shear,1
ISA 110110,110.0,110.0,10.0,6,18.0,20.0,60.0,35.0,479.0,Failure governed by Yielding of Gross Section,1
ISA 110110,110.0,110.0,10.0,7,18.0,20.0,60.0,35.0,479.0,Failure governed by Yielding of Gross Section,1
ISA 110110,110.0,110.0,10.0,8,18.0,20.0,60.0,35.0,479.0,Failure governed by Yielding of Gross Section,1
ISA 110110,110.0,110.0,10.0,2,20.0,22.0,65.0,40.0,225.0,Failure governed by Block Shear,1
ISA 110110,110.0,110.0,10.0,3,20.0,22.0,65.0,40.0,298.0,Failure governed by Block Shear,1
ISA 110110,110.0,110.0,10.0,4,20.0,22.0,65.0,40.0,372.0,Failure governed by Block Shear,1
ISA 110110,110.0,110.0,10.0,5,20.0,22.0,65.0,40.0,445.0,Failure governed by Block Shear,1
ISA 110110,110.0,110.0,10.0,6,20.0,22.0,65.0,40.0,479.0,Failure governed by Yielding of Gross Section,1
ISA 110110,110.0,110.0,10.0,7,20.0,22.0,65.0,40.0,479.0,Failure governed by Yielding of Gross Section,1
ISA 110110,110.0,110.0,10.0,8,20.0,22.0,65.0,40.0,479.0,Failure governed by Yielding of Gross Section,1
ISA 110110,110.0,110.0,10.0,2,22.0,24.0,75.0,45.0,245.0,Failure governed by Block Shear,1
ISA 110110,110.0,110.0,10.0,3,22.0,24.0,75.0,45.0,332.0,Failure governed by Block Shear,1
ISA 110110,110.0,110.0,10.0,4,22.0,24.0,75.0,45.0,419.0,Failure governed by Block Shear,1
ISA 110110,110.0,110.0,10.0,5,22.0,24.0,75.0,45.0,478.0,Failure governed by Rupture of critical section,1
ISA 110110,110.0,110.0,10.0,6,22.0,24.0,75.0,45.0,478.0,Failure governed by Rupture of critical section,1
ISA 110110,110.0,110.0,10.0,7,22.0,24.0,75.0,45.0,478.0,Failure governed by Rupture of critical section,1
ISA 110110,110.0,110.0,10.0,8,22.0,24.0,75.0,45.0,478.0,Failure governed by Rupture of critical section,1
ISA 110110,110.0,110.0,10.0,2,24.0,26.0,80.0,45.0,249.0,Failure governed by Block Shear,1
ISA 110110,110.0,110.0,10.0,3,24.0,26.0,80.0,45.0,341.0,Failure governed by Block Shear,1
ISA 110110,110.0,110.0,10.0,4,24.0,26.0,80.0,45.0,433.0,Failure governed by Block Shear,1
ISA 110110,110.0,110.0,10.0,5,24.0,26.0,80.0,45.0,472.0,Failure governed by Rupture of critical section,1
ISA 110110,110.0,110.0,10.0,6,24.0,26.0,80.0,45.0,472.0,Failure governed by Rupture of critical section,1
ISA 110110,110.0,110.0,10.0,7,24.0,26.0,80.0,45.0,472.0,Failure governed by Rupture of critical section,1
ISA 110110,110.0,110.0,10.0,8,24.0,26.0,80.0,45.0,472.0,Failure governed by Rupture of critical section,1
ISA 110110,110.0,110.0,12.0,2,12.0,13.0,40.0,25.0,216.0,Failure governed by Block Shear,1
ISA 110110,110.0,110.0,12.0,3,12.0,13.0,40.0,25.0,271.0,Failure governed by Block Shear,1
ISA 110110,110.0,110.0,12.0,4,12.0,13.0,40.0,25.0,326.0,Failure governed by Block Shear,1
ISA 110110,110.0,110.0,12.0,5,12.0,13.0,40.0,25.0,381.0,Failure governed by Block Shear,1
ISA 110110,110.0,110.0,12.0,6,12.0,13.0,40.0,25.0,437.0,Failure governed by Block Shear,1
ISA 110110,110.0,110.0,12.0,7,12.0,13.0,40.0,25.0,492.0,Failure governed by Block Shear,1
ISA 110110,110.0,110.0,12.0,8,12.0,13.0,40.0,25.0,547.0,Failure governed by Block Shear,1
ISA 110110,110.0,110.0,12.0,2,14.0,15.0,50.0,30.0,240.0,Failure governed by Block Shear,1
ISA 110110,110.0,110.0,12.0,3,14.0,15.0,50.0,30.0,312.0,Failure governed by Block Shear,1
ISA 110110,110.0,110.0,12.0,4,14.0,15.0,50.0,30.0,383.0,Failure governed by Block Shear,1
ISA 110110,110.0,110.0,12.0,5,14.0,15.0,50.0,30.0,455.0,Failure governed by Block Shear,1
ISA 110110,110.0,110.0,12.0,6,14.0,15.0,50.0,30.0,527.0,Failure governed by Block Shear,1
ISA 110110,110.0,110.0,12.0,7,14.0,15.0,50.0,30.0,569.0,Failure governed by Yielding of Gross Section,1
ISA 110110,110.0,110.0,12.0,8,14.0,15.0,50.0,30.0,569.0,Failure governed by Yielding of Gross Section,1
ISA 110110,110.0,110.0,12.0,2,16.0,18.0,55.0,35.0,252.0,Failure governed by Block Shear,1
ISA 110110,110.0,110.0,12.0,3,16.0,18.0,55.0,35.0,327.0,Failure governed by Block Shear,1
ISA 110110,110.0,110.0,12.0,4,16.0,18.0,55.0,35.0,403.0,Failure governed by Block Shear,1
ISA 110110,110.0,110.0,12.0,5,16.0,18.0,55.0,35.0,479.0,Failure governed by Block Shear,1
ISA 110110,110.0,110.0,12.0,6,16.0,18.0,55.0,35.0,554.0,Failure governed by Block Shear,1
ISA 110110,110.0,110.0,12.0,7,16.0,18.0,55.0,35.0,569.0,Failure governed by Yielding of Gross Section,1
ISA 110110,110.0,110.0,12.0,8,16.0,18.0,55.0,35.0,569.0,Failure governed by Yielding of Gross Section,1
ISA 110110,110.0,110.0,12.0,2,18.0,20.0,60.0,35.0,256.0,Failure governed by Block Shear,1
ISA 110110,110.0,110.0,12.0,3,18.0,20.0,60.0,35.0,337.0,Failure governed by Block Shear,1
ISA 110110,110.0,110.0,12.0,4,18.0,20.0,60.0,35.0,419.0,Failure governed by Block Shear,1
ISA 110110,110.0,110.0,12.0,5,18.0,20.0,60.0,35.0,501.0,Failure governed by Block Shear,1
ISA 110110,110.0,110.0,12.0,6,18.0,20.0,60.0,35.0,569.0,Failure governed by Yielding of Gross Section,1
ISA 110110,110.0,110.0,12.0,7,18.0,20.0,60.0,35.0,569.0,Failure governed by Yielding of Gross Section,1
ISA 110110,110.0,110.0,12.0,8,18.0,20.0,60.0,35.0,569.0,Failure governed by Yielding of Gross Section,1
ISA 110110,110.0,110.0,12.0,2,20.0,22.0,65.0,40.0,270.0,Failure governed by Block Shear,1
ISA 110110,110.0,110.0,12.0,3,20.0,22.0,65.0,40.0,358.0,Failure governed by Block Shear,1
ISA 110110,110.0,110.0,12.0,4,20.0,22.0,65.0,40.0,446.0,Failure governed by Block Shear,1
ISA 110110,110.0,110.0,12.0,5,20.0,22.0,65.0,40.0,534.0,Failure governed by Block Shear,1
ISA 110110,110.0,110.0,12.0,6,20.0,22.0,65.0,40.0,569.0,Failure governed by Yielding of Gross Section,1
ISA 110110,110.0,110.0,12.0,7,20.0,22.0,65.0,40.0,569.0,Failure governed by Yielding of Gross Section,1
ISA 110110,110.0,110.0,12.0,8,20.0,22.0,65.0,40.0,569.0,Failure governed by Yielding of Gross Section,1
ISA 110110,110.0,110.0,12.0,2,22.0,24.0,75.0,45.0,295.0,Failure governed by Block Shear,1
ISA 110110,110.0,110.0,12.0,3,22.0,24.0,75.0,45.0,399.0,Failure governed by Block Shear,1
ISA 110110,110.0,110.0,12.0,4,22.0,24.0,75.0,45.0,503.0,Failure governed by Block Shear,1
ISA 110110,110.0,110.0,12.0,5,22.0,24.0,75.0,45.0,567.0,Failure governed by Rupture of critical section,1
ISA 110110,110.0,110.0,12.0,6,22.0,24.0,75.0,45.0,567.0,Failure governed by Rupture of critical section,1
ISA 110110,110.0,110.0,12.0,7,22.0,24.0,75.0,45.0,567.0,Failure governed by Rupture of critical section,1
ISA 110110,110.0,110.0,12.0,8,22.0,24.0,75.0,45.0,567.0,Failure governed by Rupture of critical section,1
ISA 110110,110.0,110.0,12.0,2,24.0,26.0,80.0,45.0,299.0,Failure governed by Block Shear,1
ISA 110110,110.0,110.0,12.0,3,24.0,26.0,80.0,45.0,409.0,Failure governed by Block Shear,1
ISA 110110,110.0,110.0,12.0,4,24.0,26.0,80.0,45.0,520.0,Failure governed by Block Shear,1
ISA 110110,110.0,110.0,12.0,5,24.0,26.0,80.0,45.0,560.0,Failure governed by Rupture of critical section,1
ISA 110110,110.0,110.0,12.0,6,24.0,26.0,80.0,45.0,560.0,Failure governed by Rupture of critical section,1
ISA 110110,110.0,110.0,12.0,7,24.0,26.0,80.0,45.0,560.0,Failure governed by Rupture of critical section,1
ISA 110110,110.0,110.0,12.0,8,24.0,26.0,80.0,45.0,560.0,Failure governed by Rupture of critical section,1
ISA 110110,110.0,110.0,15.0,2,12.0,13.0,40.0,25.0,270.0,Failure governed by Block Shear,1
ISA 110110,110.0,110.0,15.0,3,12.0,13.0,40.0,25.0,339.0,Failure governed by Block Shear,1
ISA 110110,110.0,110.0,15.0,4,12.0,13.0,40.0,25.0,408.0,Failure governed by Block Shear,1
ISA 110110,110.0,110.0,15.0,5,12.0,13.0,40.0,25.0,477.0,Failure governed by Block Shear,1
ISA 110110,110.0,110.0,15.0,6,12.0,13.0,40.0,25.0,546.0,Failure governed by Block Shear,1
ISA 110110,110.0,110.0,15.0,7,12.0,13.0,40.0,25.0,615.0,Failure governed by Block Shear,1
ISA 110110,110.0,110.0,15.0,8,12.0,13.0,40.0,25.0,684.0,Failure governed by Block Shear,1
ISA 110110,110.0,110.0,15.0,2,14.0,15.0,50.0,30.0,300.0,Failure governed by Block Shear,1
ISA 110110,110.0,110.0,15.0,3,14.0,15.0,50.0,30.0,390.0,Failure governed by Block Shear,1
ISA 110110,110.0,110.0,15.0,4,14.0,15.0,50.0,30.0,479.0,Failure governed by Block Shear,1
ISA 110110,110.0,110.0,15.0,5,14.0,15.0,50.0,30.0,569.0,Failure governed by Block Shear,1
ISA 110110,110.0,110.0,15.0,6,14.0,15.0,50.0,30.0,658.0,Failure governed by Block Shear,1
ISA 110110,110.0,110.0,15.0,7,14.0,15.0,50.0,30.0,700.0,Failure governed by Yielding of Gross Section,1
ISA 110110,110.0,110.0,15.0,8,14.0,15.0,50.0,30.0,700.0,Failure governed by Yielding of Gross Section,1
ISA 110110,110.0,110.0,15.0,2,16.0,18.0,55.0,35.0,314.0,Failure governed by Block Shear,1
ISA 110110,110.0,110.0,15.0,3,16.0,18.0,55.0,35.0,409.0,Failure governed by Block Shear,1
ISA 110110,110.0,110.0,15.0,4,16.0,18.0,55.0,35.0,504.0,Failure governed by Block Shear,1
ISA 110110,110.0,110.0,15.0,5,16.0,18.0,55.0,35.0,598.0,Failure governed by Block Shear,1
ISA 110110,110.0,110.0,15.0,6,16.0,18.0,55.0,35.0,693.0,Failure governed by Block Shear,1
ISA 110110,110.0,110.0,15.0,7,16.0,18.0,55.0,35.0,700.0,Failure governed by Yielding of Gross Section,1
ISA 110110,110.0,110.0,15.0,8,16.0,18.0,55.0,35.0,700.0,Failure governed by Yielding of Gross Section,1
ISA 110110,110.0,110.0,15.0,2,18.0,20.0,60.0,35.0,320.0,Failure governed by Block Shear,1
ISA 110110,110.0,110.0,15.0,3,18.0,20.0,60.0,35.0,422.0,Failure governed by Block Shear,1
ISA 110110,110.0,110.0,15.0,4,18.0,20.0,60.0,35.0,524.0,Failure governed by Block Shear,1
ISA 110110,110.0,110.0,15.0,5,18.0,20.0,60.0,35.0,626.0,Failure governed by Block Shear,1
ISA 110110,110.0,110.0,15.0,6,18.0,20.0,60.0,35.0,700.0,Failure governed by Yielding of Gross Section,1
ISA 110110,110.0,110.0,15.0,7,18.0,20.0,60.0,35.0,700.0,Failure governed by Yielding of Gross Section,1
ISA 110110,110.0,110.0,15.0,8,18.0,20.0,60.0,35.0,700.0,Failure governed by Yielding of Gross Section,1
ISA 110110,110.0,110.0,15.0,2,20.0,22.0,65.0,40.0,337.0,Failure governed by Block Shear,1
ISA 110110,110.0,110.0,15.0,3,20.0,22.0,65.0,40.0,447.0,Failure governed by Block Shear,1
ISA 110110,110.0,110.0,15.0,4,20.0,22.0,65.0,40.0,557.0,Failure governed by Block Shear,1
ISA 110110,110.0,110.0,15.0,5,20.0,22.0,65.0,40.0,667.0,Failure governed by Block Shear,1
ISA 110110,110.0,110.0,15.0,6,20.0,22.0,65.0,40.0,700.0,Failure governed by Yielding of Gross Section,1
ISA 110110,110.0,110.0,15.0,7,20.0,22.0,65.0,40.0,700.0,Failure governed by Yielding of Gross Section,1
ISA 110110,110.0,110.0,15.0,8,20.0,22.0,65.0,40.0,700.0,Failure governed by Yielding of Gross Section,1
ISA 110110,110.0,110.0,15.0,2,22.0,24.0,75.0,45.0,368.0,Failure governed by Block Shear,1
ISA 110110,110.0,110.0,15.0,3,22.0,24.0,75.0,45.0,499.0,Failure governed by Block Shear,1
ISA 110110,110.0,110.0,15.0,4,22.0,24.0,75.0,45.0,629.0,Failure governed by Block Shear,1
ISA 110110,110.0,110.0,15.0,5,22.0,24.0,75.0,45.0,697.0,Failure governed by Rupture of critical section,1
ISA 110110,110.0,110.0,15.0,6,22.0,24.0,75.0,45.0,697.0,Failure governed by Rupture of critical section,1
ISA 110110,110.0,110.0,15.0,7,22.0,24.0,75.0,45.0,697.0,Failure governed by Rupture of critical section,1
ISA 110110,110.0,110.0,15.0,8,22.0,24.0,75.0,45.0,697.0,Failure governed by Rupture of critical section,1
ISA 110110,110.0,110.0,15.0,2,24.0,26.0,80.0,45.0,373.0,Failure governed by Block Shear,1
ISA 110110,110.0,110.0,15.0,3,24.0,26.0,80.0,45.0,511.0,Failure governed by Block Shear,1
ISA 110110,110.0,110.0,15.0,4,24.0,26.0,80.0,45.0,649.0,Failure governed by Block Shear,1
ISA 110110,110.0,110.0,15.0,5,24.0,26.0,80.0,45.0,688.0,Failure governed by Rupture of critical section,1
ISA 110110,110.0,110.0,15.0,6,24.0,26.0,80.0,45.0,688.0,Failure governed by Rupture of critical section,1
ISA 110110,110.0,110.0,15.0,7,24.0,26.0,80.0,45.0,688.0,Failure governed by Rupture of critical section,1
ISA 110110,110.0,110.0,15.0,8,24.0,26.0,80.0,45.0,688.0,Failure governed by Rupture of critical section,1
ISA 100100,100.0,100.0,6.0,2,12.0,13.0,40.0,25.0,123.0,Failure governed by Block Shear,2
ISA 100100,100.0,100.0,10.0,2,12.0,13.0,40.0,25.0,205.0,Failure governed by Block Shear,2
ISA 100100,100.0,100.0,6.0,2,12.0,13.0,40.0,25.0,101.0,Failure governed by Block Shear,1
ISA 100100,100.0,100.0,10.0,2,12.0,13.0,40.0,25.0,168.0,Failure governed by Block Shear,1
ISA 9090,90.0,90.0,6.0,2,12.0,13.0,40.0,25.0,101.0,Failure governed by Block Shear,0
ISA 9090,90.0,90.0,10.0,2,12.0,13.0,40.0,25.0,168.0,Failure governed by Block Shear,0
ISA 8080,80.0,80.0,6.0,2,12.0,13.0,40.0,25.0,94.0,Failure governed by Block Shear,0
ISA 8080,80.0,80.0,10.0,2,12.0,13.0,40.0,25.0,157.0,Failure governed by Block Shear,0
ISA 7575,75.0,75.0,5.0,2,12.0,13.0,40.0,25.0,79.0,Failure governed by Block Shear,0
ISA 7575,75.0,75.0,8.0,2,12.0,13.0,40.0,25.0,126.0,Failure governed by Block Shear,0
ISA 7070,70.0,70.0,5.0,2,12.0,13.0,40.0,25.0,73.0,Failure governed by Block Shear,0
ISA 6565,65.0,65.0,5.0,2,12.0,13.0,40.0,25.0,73.0,Failure governed by Block Shear,0
ISA 6060,60.0,60.0,5.0,2,12.0,13.0,40.0,25.0,67.0,Failure governed by Block Shear,0
ISA 5555,55.0,55.0,5.0,2,12.0,13.0,35.0,25.0,63.0,Failure governed by Block Shear,0
ISA 5555,55.0,55.0,,3,12.0,13.0,35.0,25.0,82.0,Failure governed by Block Shear,0
ISA 5555,55.0,55.0,,4,12.0,13.0,35.0,25.0,100.0,Failure governed by Block Shear,0
ISA 5555,55.0,55.0,,5,12.0,13.0,35.0,25.0,118.0,Failure governed by Rupture of critical section,0
ISA 5555,55.0,55.0,,6,12.0,13.0,35.0,25.0,118.0,Failure governed by Rupture of critical section,0
ISA 5555,55.0,55.0,,7,12.0,13.0,35.0,25.0,118.0,Failure governed by Rupture of critical section,0
ISA 5555,55.0,55.0,,8,12.0,13.0,35.0,25.0,118.0,Failure governed by Rupture of critical section,0
ISA 5555,55.0,55.0,6.0,2,12.0,13.0,35.0,25.0,76.0,Failure governed by Block Shear,0
ISA 5555,55.0,55.0,,3,12.0,13.0,35.0,25.0,98.0,Failure governed by Block Shear,0
ISA 5555,55.0,55.0,,4,12.0,13.0,35.0,25.0,121.0,Failure governed by Block Shear,0
ISA 5555,55.0,55.0,,5,12.0,13.0,35.0,25.0,140.0,Failure governed by Rupture of critical section,0
ISA 5555,55.0,55.0,,6,12.0,13.0,35.0,25.0,140.0,Failure governed by Rupture of critical section,0
ISA 5555,55.0,55.0,,7,12.0,13.0,35.0,25.0,140.0,Failure governed by Rupture of critical section,0
ISA 5555,55.0,55.0,,8,12.0,13.0,35.0,25.0,140.0,Failure governed by Rupture of critical section,0
ISA 5555,55.0,55.0,8.0,2,12.0,13.0,35.0,25.0,101.0,Failure governed by Block Shear,0
ISA 5555,55.0,55.0,,3,12.0,13.0,35.0,25.0,131.0,Failure governed by Block Shear,0
ISA 5555,55.0,55.0,,4,12.0,13.0,35.0,25.0,161.0,Failure governed by Block Shear,0
ISA 5555,55.0,55.0,,5,12.0,13.0,35.0,25.0,182.0,Failure governed by Rupture of critical section,0
ISA 5555,55.0,55.0,,6,12.0,13.0,35.0,25.0,182.0,Failure governed by Rupture of critical section,0
ISA 5555,55.0,55.0,,7,12.0,13.0,35.0,25.0,182.0,Failure governed by Rupture of critical section,0
ISA 5555,55.0,55.0,,8,12.0,13.0,35.0,25.0,182.0,Failure governed by Rupture of critical section,0
ISA 5555,55.0,55.0,10.0,2,12.0,13.0,35.0,25.0,126.0,Failure governed by Block Shear,0
ISA 5555,55.0,55.0,,3,12.0,13.0,35.0,25.0,163.0,Failure governed by Block Shear,0
ISA 5555,55.0,55.0,,4,12.0,13.0,35.0,25.0,201.0,Failure governed by Block Shear,0
ISA 5555,55.0,55.0,,5,12.0,13.0,35.0,25.0,223.0,Failure governed by Rupture of critical section,0
ISA 5555,55.0,55.0,,6,12.0,13.0,35.0,25.0,223.0,Failure governed by Rupture of critical section,0
ISA 5555,55.0,55.0,,7,12.0,13.0,35.0,25.0,223.0,Failure governed by Rupture of critical section,0
ISA 5555,55.0,55.0,,8,12.0,13.0,35.0,25.0,223.0,Failure governed by Rupture of critical section,0
